dt_captura,no_emissor,link
2026-09-25,QI Participacoes Ltda.,https://www.fitchratings.com/entity/qi-participacoes-sa-97525815
2026-09-25,QI Sociedade de Credito Direto S.A.,https://www.fitchratings.com/entity/qi-sociedade-de-credito-direto-sa-97480532
2026-09-25,iCred Chopin INSS FIDC,https://www.fitchratings.com/entity/icred-chopin-inss-fidc-97829083
2026-09-25,iCred INSS III FIDC,https://www.fitchratings.com/entity/icred-inss-iii-fidc-97870993
2026-09-25,"Riza Securitizadora 2025-263-1,2,3 (JBS)",https://www.fitchratings.com/entity/virgo-cia-de-securitizacao-2025-263-1-2-3-jbs-97705190
2026-09-25,"Riza Securitizadora 2024-218-1,2,3 (JBS)",https://www.fitchratings.com/entity/virgo-cia-de-securitizacao-2024-218-1-2-3-jbs-97652090
2026-09-25,"Eco Securitizadora 2026-466-1,2,3,4 (BRF)",https://www.fitchratings.com/entity/eco-securitizadora-2026-466-1-2-3-4-brf-97948122
2026-09-25,Banco C6 Consignado S.A.,https://www.fitchratings.com/entity/banco-ficsa-sa-80543453
2026-09-25,Banco C6 S.A.,https://www.fitchratings.com/entity/banco-c6-sa-97531837
2026-09-25,Banco Fibra S.A.,https://www.fitchratings.com/entity/banco-fibra-sa-80360734
2026-09-25,Companhia de Gas do Estado do Rio Grande do Sul,https://www.fitchratings.com/entity/companhia-de-gas-do-estado-do-rio-grande-do-sul-97787579
2026-09-25,UHE Sao Simao Energia S.A.,https://www.fitchratings.com/entity/uhe-sao-simao-energia-sa-97786623
2026-09-25,Spic Brasil Energia Participacoes S.A.,https://www.fitchratings.com/entity/spic-brasil-energia-participacoes-sa-97786085
2026-09-25,Companhia Piratininga de Forca e Luz,https://www.fitchratings.com/entity/cia-piratininga-de-forca-e-luz-sa-91549891
2026-09-25,CPFL Geracao de Energia S.A.,https://www.fitchratings.com/entity/cpfl-geracao-de-energia-sa-94139890
2026-09-25,CPFL Energias Renovaveis S.A.,https://www.fitchratings.com/entity/cpfl-energias-renovaveis-sa-96223356
2026-09-25,CPFL Comercializacao Brasil S.A.,https://www.fitchratings.com/entity/cpfl-comercializacao-brasil-sa-96953770
2026-09-25,Companhia Jaguari de Energia,https://www.fitchratings.com/entity/companhia-jaguari-de-energia-97453053
2026-09-25,CPFL Energia S.A.,https://www.fitchratings.com/entity/cpfl-energia-sa-80492394
2026-09-25,Companhia Paulista de Forca e Luz (CPFL),https://www.fitchratings.com/entity/companhia-paulista-de-forca-e-luz-cpfl-80614495
2026-09-25,RGE Sul Distribuidora de Energia S.A.,https://www.fitchratings.com/entity/rge-sul-distribuidora-de-energia-sa-96554699
2026-09-25,CPFL Transmissao S.A.,https://www.fitchratings.com/entity/companhia-estadual-de-transmissao-de-energia-eletrica-ceee-t-97453517
2026-09-25,Banco Brasileiro de Credito S.A,https://www.fitchratings.com/entity/banco-brasileiro-de-credito-sa-97563747
2026-09-25,Localiza Fleet S.A.,https://www.fitchratings.com/entity/localiza-fleet-sa-96673245
2026-09-25,Localiza Rent a Car S.A.,https://www.fitchratings.com/entity/localiza-rent-car-sa-90199061
2026-09-25,Opea Securitizadora S.A. 2020-1-268 (JSL),https://www.fitchratings.com/entity/rb-capital-cia-de-securitizacao-2020-268-jsl-97043536
2026-09-25,Opea Securitizadora S.A. 2020-1-261 (JSL),https://www.fitchratings.com/entity/rb-capital-cia-de-securitizacao-2020-261-jsl-97043282
2026-09-25,Omni Banco S.A.,https://www.fitchratings.com/entity/omni-banco-sa-80543468
2026-09-25,"Omni S.A. - Credito, Financiamento e Investimento",https://www.fitchratings.com/entity/omni-sa-credito-financiamento-e-investimento-89593461
2026-09-25,Efi S.A. - Instituicao de Pagamento,https://www.fitchratings.com/entity/efi-sa-instituicao-de-pagamento-97765709
2026-09-25,Travelex Banco de Cambio S.A.,https://www.fitchratings.com/entity/travelex-banco-de-cambio-sa-97542103
2026-09-25,Highline do Brasil II Infraestrutura de Telecomunicacoes S.A.,https://www.fitchratings.com/entity/highline-do-brasil-ii-infraestrutura-de-telecomunicacoes-sa-97294139
2026-09-25,Alianca Geracao de Energia S.A.,https://www.fitchratings.com/entity/alianca-geracao-de-energia-sa-96605787
2026-09-25,Daycoval Seguros S.A.,https://www.fitchratings.com/entity/bmg-seguros-sa-97541371
2026-09-25,Sisprime do Brasil - Cooperativa de Credito,https://www.fitchratings.com/entity/uniprime-norte-do-parana-cooperativa-de-credito-ltda-96207048
2026-09-25,Cooperativa de Credito Vale do Itajai - Viacredi,https://www.fitchratings.com/entity/cooperativa-de-credito-vale-do-itajai-viacredi-97229249
2026-09-25,CVC Brasil Operadora e Agencia de Viagens S.A.,https://www.fitchratings.com/entity/cvc-brasil-operadora-e-agencia-de-viagens-sa-96551609
2026-09-25,"Opea Securitizadora S.A. 2022-72-1,2,3 (Assai)",https://www.fitchratings.com/entity/true-securitizadora-2022-1-2-3-assai-97419780
2026-09-25,Allianca Saude e Participacoes S.A.,https://www.fitchratings.com/entity/centro-de-imagem-diagnosticos-sa-alliar-96507481
2026-09-25,Porto Seguro Investimentos Ltda.,https://www.fitchratings.com/entity/porto-seguro-investimentos-ltda-96510346
2026-09-25,Icred Solucoes Financeiras S.A,https://www.fitchratings.com/entity/icred-solucoes-financeiras-sa-97585696
2026-09-25,FIDC Opea Agro Sumitomo Chemical,https://www.fitchratings.com/entity/fundo-de-investimento-em-direitos-creditorios-opea-agro-sumitomo-chemical-97384354
2026-09-25,Oi S.A.,https://www.fitchratings.com/entity/oi-sa-80090797
2026-09-25,TRSP - Terminal de Regaseificacao de GNL de Sao Paulo S.A,https://www.fitchratings.com/entity/trsp-terminal-de-regaseificacao-de-gnl-de-sao-paulo-sa-97692746
2026-09-25,Compass Gas e Energia S.A.,https://www.fitchratings.com/entity/compass-gas-e-energia-sa-97270144
2026-09-25,DMCard Securitizadora S.A.,https://www.fitchratings.com/entity/dmcard-securitizadora-sa-96858758
2026-09-25,Embraer S.A.,https://www.fitchratings.com/entity/embraer-sa-94402890
2026-09-25,LD Celulose S.A.,https://www.fitchratings.com/entity/ld-celulose-sa-97626283
2026-09-25,"Armac Locacao, Logistica e Servicos S.A.",https://www.fitchratings.com/entity/armac-locacao-logistica-e-servicos-sa-97292519
2026-09-25,Cielo S.A. - Instituicao de Pagamento,https://www.fitchratings.com/entity/cielo-sa-90377667
2026-09-25,Havan S.A.,https://www.fitchratings.com/entity/havan-sa-96189218
2026-09-25,Banco Triangulo S.A.,https://www.fitchratings.com/entity/banco-triangulo-sa-80543474
2026-09-25,Companhia Estadual de Geracao De Energia Eletrica - Ceee-G,https://www.fitchratings.com/entity/companhia-estadual-de-geracao-de-energia-eletrica-ceee-g-97686013
2026-09-25,"Sao Paulo, Municipality of",https://www.fitchratings.com/entity/sao-paulo-municipality-of-93835890
2026-09-25,Opea Securitizadora S.A. 2022-91-1.2 (Mega Moda),https://www.fitchratings.com/entity/true-securitizadora-2022-1-2-mega-moda-97432791
2026-09-25,FIDC Santander Auto Loans II Segmento Financeiro - Responsabilidade Limitada,https://www.fitchratings.com/entity/fidc-santander-auto-loans-ii-segmento-financeiro-responsabilidade-limitada-97909228
2026-09-25,V2i Energia S.A.,https://www.fitchratings.com/entity/v2i-energia-sa-97576213
2026-09-25,Ferrovia Norte Sul S.A.,https://www.fitchratings.com/entity/ferrovia-norte-sul-sa-97592975
2026-09-25,Ultrafertil S.A.,https://www.fitchratings.com/entity/ultrafertil-sa-96174694
2026-09-25,VLI S.A.,https://www.fitchratings.com/entity/vli-sa-94391490
2026-09-25,VLI Multimodal S.A.,https://www.fitchratings.com/entity/vli-multimodal-sa-96166129
2026-09-25,Votorantim Cimentos S.A. (VCSA),https://www.fitchratings.com/entity/votorantim-cimentos-sa-vcsa-90449272
2026-09-25,Votorantim S.A.,https://www.fitchratings.com/entity/votorantim-sa-82069029
2026-09-25,Nexa Recursos Minerais S.A.,https://www.fitchratings.com/entity/nexa-recursos-minerais-sa-97886942
2026-09-25,Nexa Resources S.A.,https://www.fitchratings.com/entity/nexa-resources-sa-96494566
2026-09-25,ALLOS S.A.,https://www.fitchratings.com/entity/aliansce-sonae-shopping-centers-sa-96177979
2026-09-25,BR Malls Participacoes S.A.,https://www.fitchratings.com/entity/br-malls-participacoes-sa-87213182
2026-09-25,Multiplan Empreendimentos Imobiliarios S.A.,https://www.fitchratings.com/entity/multiplan-empreendimentos-imobiliarios-sa-96177986
2026-09-25,Caixa Distribuidora de Titulos e Valores Mobiliarios S.A.,https://www.fitchratings.com/entity/caixa-distribuidora-de-titulos-e-valores-mobiliarios-sa-97327792
2026-09-25,Rumo S.A.,https://www.fitchratings.com/entity/rumo-sa-80614433
2026-09-25,Rumo Malha Norte S.A.,https://www.fitchratings.com/entity/rumo-malha-norte-sa-80614513
2026-09-25,Rumo Malha Paulista S.A.,https://www.fitchratings.com/entity/rumo-malha-paulista-sa-87217976
2026-09-25,Rumo Malha Sul S.A.,https://www.fitchratings.com/entity/rumo-malha-sul-sa-87217992
2026-09-25,Brava Energia S.A.,https://www.fitchratings.com/entity/3r-petroleum-oleo-e-gas-sa-97357047
2026-09-25,FIDC Cielo,https://www.fitchratings.com/entity/fundo-de-investimento-em-direitos-creditorios-cielo-96522351
2026-09-25,Cooperativa de Credito Sul do Espirito Santo - Sicoob Sul,https://www.fitchratings.com/entity/cooperativa-de-credito-sul-do-espirito-santo-sicoob-sul-96790661
2026-09-25,Cooperativa Central de Credito do Espirito Santo - Sicoob Central ES,https://www.fitchratings.com/entity/cooperativa-central-de-credito-do-espirito-santo-sicoob-central-es-96743383
2026-09-25,Cooperativa de Credito Coopermais - Sicoob Coopermais,https://www.fitchratings.com/entity/cooperativa-de-credito-centro-serrana-do-espirito-santo-sicoob-centro-serrano-96790672
2026-09-25,Cooperativa de Credito Sul-Serrana do Espirito Santo - Sicoob Sul-Serrano,https://www.fitchratings.com/entity/cooperativa-de-credito-sul-serrana-do-espirito-santo-sicoob-sul-serrano-96722697
2026-09-25,Cooperativa de Credito Conexao - Sicoob Conexao,https://www.fitchratings.com/entity/cooperativa-de-credito-leste-capixaba-sicoob-leste-capixaba-96790658
2026-09-25,Cooperativa de Credito Sul-Litoranea do Espirito Santo - Sicoob Sul-Litoraneo,https://www.fitchratings.com/entity/cooperativa-de-credito-sul-litoranea-do-espirito-santo-sicoob-sul-litoraneo-96790669
2026-09-25,Cooperativa de Credito Credirochas - Sicoob Credirochas,https://www.fitchratings.com/entity/cooperativa-de-credito-dos-proprietarios-da-industria-de-rochas-ornamentais-cal-e-calcarios-do-estado-do-espirito-santo-sicoob-credirochas-96790654
2026-09-25,Companhia Energetica de Minas Gerais (CEMIG),https://www.fitchratings.com/entity/companhia-energetica-de-minas-gerais-cemig-80614480
2026-09-25,Cemig Distribuicao S.A.,https://www.fitchratings.com/entity/cemig-distribuicao-sa-83827065
2026-09-25,Cemig Geracao e Transmissao S.A.,https://www.fitchratings.com/entity/cemig-geracao-e-transmissao-sa-84963873
2026-09-25,FIDC Medici I,https://www.fitchratings.com/entity/fidc-medici-i-97788752
2026-09-25,FIDC Consig Premium II - Responsabilidade Limitada,https://www.fitchratings.com/entity/fidc-consig-premium-ii-responsabilidade-limitada-97936914
2026-09-25,Emergencia Participacoes S.A.,https://www.fitchratings.com/entity/emergencia-participacoes-sa-97417637
2026-09-25,Environmental ESG Participacoes S.A.,https://www.fitchratings.com/entity/environmental-esg-participacoes-sa-97452640
2026-09-25,Ambipar Participacoes e Empreendimentos S.A.,https://www.fitchratings.com/entity/ambipar-participacoes-e-empreendimentos-sa-97338527
2026-09-25,Banco Rodobens S.A.,https://www.fitchratings.com/entity/banco-rodobens-sa-89100264
2026-09-25,Rodobens Administradora de Consorcios Ltda,https://www.fitchratings.com/entity/rodobens-administradora-de-consorcios-ltda-96165833
2026-09-25,CloudWalk Instituicao de Pagamento e Servicos Ltda.,https://www.fitchratings.com/entity/cloudwalk-instituicao-de-pagamento-e-servicos-ltda-97764117
2026-09-25,"CloudWalk Financeira S.A. Credito, Financiamento e Investimento",https://www.fitchratings.com/entity/cloudwalk-financeira-sa-credito-financiamento-e-investimento-97784613
2026-09-25,Cosan S.A.,https://www.fitchratings.com/entity/cosan-sa-88173461
2026-09-25,Stark Bank S.A. - Instituicao de Pagamento,https://www.fitchratings.com/entity/stark-bank-sa-instituicao-de-pagamento-97502050
2026-09-25,Stark Group Holding,https://www.fitchratings.com/entity/stark-group-holding-97922341
2026-09-25,Light Servicos de Eletricidade S.A.,https://www.fitchratings.com/entity/light-servicos-de-eletricidade-sa-91050690
2026-09-25,Light S.A.,https://www.fitchratings.com/entity/light-sa-91040693
2026-09-25,Light Energia S.A.,https://www.fitchratings.com/entity/light-energia-sa-91019690
2026-09-25,Opea Securitizadora S.A. 2017-1-165 (Rede D'Or),https://www.fitchratings.com/entity/rb-capital-companhia-de-securitizacao-2017-165-rede-d-or-96786358
2026-09-25,Opea Securitizadora S.A. 2019-1-214 (Rede D'Or),https://www.fitchratings.com/entity/true-securitizadora-2019-214-rede-dor-96786360
2026-09-25,Sendas Distribuidora S/A,https://www.fitchratings.com/entity/sendas-distribuidora-s-a-97205339
2026-09-25,Eneva S.A.,https://www.fitchratings.com/entity/eneva-sa-96740180
2026-09-25,CSCF Vert-5,https://www.fitchratings.com/entity/cscf-vert-5-97301961
2026-09-25,Braskem S.A.,https://www.fitchratings.com/entity/braskem-sa-80092141
2026-09-25,Alubar Metais e Cabos S.A.,https://www.fitchratings.com/entity/alubar-metais-e-cabos-sa-97322864
2026-09-25,"Rio de Janeiro, City of",https://www.fitchratings.com/entity/rio-de-janeiro-city-of-90518082
2026-09-25,Rio de Janeiro. State of,https://www.fitchratings.com/entity/rio-de-janeiro-state-of-90803890
2026-09-25,Minerva S.A.,https://www.fitchratings.com/entity/minerva-sa-84533869
2026-09-25,Azul S.A.,https://www.fitchratings.com/entity/azul-sa-94775300
2026-09-25,AXIA Energia S.A.,https://www.fitchratings.com/entity/centrais-eletricas-brasileiras-sa-eletrobras-80464173
2026-09-25,AXIA Energia Nordeste S.A.,https://www.fitchratings.com/entity/companhia-hidro-eletrica-do-sao-francisco-sa-95763491
2026-09-25,"Qista S.A. - Credito, Financiamento e Investimento",https://www.fitchratings.com/entity/qista-sa-credito-financiamento-e-investimento-97651529
2026-09-25,Opea Securitizadora S.A. 2016-5-26 (Alianca do Brasil Seguros),https://www.fitchratings.com/entity/gaia-securitizadora-sa-96275335
2026-09-25,Engie Brasil Energia S.A.,https://www.fitchratings.com/entity/engie-brasil-energia-sa-80090870
2026-09-25,Befly FIDC,https://www.fitchratings.com/entity/befly-fidc-rl-97716854
2026-09-25,Almeida Junior Shopping Centers S.A.,https://www.fitchratings.com/entity/almeida-junior-shopping-centers-sa-97620221
2026-09-25,Pottencial Seguradora S.A.,https://www.fitchratings.com/entity/pottencial-seguradora-s-a-91880919
2026-09-25,General Shopping e Outlets do Brasil S.A.,https://www.fitchratings.com/entity/general-shopping-e-outlets-do-brasil-sa-89879673
2026-09-25,Deutsche Bank S.A. - Banco Alemao,https://www.fitchratings.com/entity/deutsche-bank-sa-banco-alemao-80362444
2026-09-25,Desenvolve SP - Agencia de Fomento do Estado de Sao Paulo S.A.,https://www.fitchratings.com/entity/agencia-de-fomento-do-estado-de-sao-paulo-desenvolve-sp-96165830
2026-09-25,M Dias Branco S.A. Industria e Comercio de Alimentos,https://www.fitchratings.com/entity/m-dias-branco-sa-industria-e-comercio-de-alimentos-96568122
2026-09-25,DM Instituicao de Pagamento S.A.,https://www.fitchratings.com/entity/dmcard-cartoes-de-credito-sa-96604805
2026-09-25,Banco Societe Generale Brasil S.A.,https://www.fitchratings.com/entity/banco-societe-generale-brasil-sa-88390855
2026-09-25,Intesa Sanpaolo Brasil S.A. - Banco Multiplo,https://www.fitchratings.com/entity/intesa-sanpaolo-brasil-sa-banco-multiplo-97233617
2026-09-25,Banco BNP Paribas Brasil S.A.,https://www.fitchratings.com/entity/banco-bnp-paribas-brasil-sa-96216745
2026-09-25,Elfa Medicamentos S.A.,https://www.fitchratings.com/entity/elfa-medicamentos-sa-97629129
2026-09-25,Banco De Investimentos UBS (Brasil) S.A.,https://www.fitchratings.com/entity/banco-de-investimentos-credit-suisse-brasil-sa-82443519
2026-09-25,Banco Credit Agricole Brasil S.A.,https://www.fitchratings.com/entity/banco-credit-agricole-brasil-sa-90520083
2026-09-25,Samarco Mineracao S.A.,https://www.fitchratings.com/entity/samarco-mineracao-sa-80089959
2026-09-25,Companhia Pernambucana de Gas - Copergas,https://www.fitchratings.com/entity/companhia-pernambucana-de-gas-copergas-96353577
2026-09-25,Riza Securitizadora 2022-4-417 (CSN Cimentos),https://www.fitchratings.com/entity/virgo-companhia-de-securitizacao-2022-417-csn-cimentos-97341305
2026-09-25,"Vert Cia Securitizadora 2026-42-1,2,3,4,5 (J&F)",https://www.fitchratings.com/entity/vert-cia-securitizadora-2026-42-1-2-3-4-5-j-f-97895258
2026-09-25,Companhia de Gas de Sao Paulo - COMGAS,https://www.fitchratings.com/entity/companhia-de-gas-de-sao-paulo-comgas-91325765
2026-09-25,OZN Health SPE S.A.,https://www.fitchratings.com/entity/ozn-health-spe-sa-97757731
2026-09-25,Opy Healthcare Gestao de Ativos e Investimentos S.A.,https://www.fitchratings.com/entity/opy-healthcare-gestao-de-ativos-e-investimentos-sa-97757705
2026-09-25,Giga Mais Fibra Telecomunicacoes S.A.,https://www.fitchratings.com/entity/giga-mais-fibra-telecomunicacoes-sa-97922546
2026-09-25,Iguatemi Empresa de Shopping Centers S.A.,https://www.fitchratings.com/entity/iguatemi-empresa-de-shopping-centers-sa-91834892
2026-09-25,Iguatemi S.A.,https://www.fitchratings.com/entity/iguatemi-sa-97371311
2026-09-25,Farmacia e Drogaria Nissei S.A.,https://www.fitchratings.com/entity/farmacia-e-drogaria-nissei-sa-97127704
2026-09-25,Companhia Siderurgica Nacional (CSN),https://www.fitchratings.com/entity/companhia-siderurgica-nacional-csn-80091767
2026-09-25,CSN Mineracao S.A.,https://www.fitchratings.com/entity/csn-mineracao-sa-97398072
2026-09-25,Zamp S.A.,https://www.fitchratings.com/entity/bk-brasil-operacao-e-assessoria-restaurantes-sa-96269281
2026-09-25,Parana Banco S.A.,https://www.fitchratings.com/entity/parana-banco-sa-87015752
2026-09-25,Banco Agibank S.A.,https://www.fitchratings.com/entity/banco-agibank-sa-96590852
2026-09-25,Banco BMG S.A.,https://www.fitchratings.com/entity/banco-bmg-sa-80543435
2026-09-25,Banco Mercantil do Brasil S.A.,https://www.fitchratings.com/entity/banco-mercantil-do-brasil-sa-80360917
2026-09-25,Corporeos Servicos Terapeuticos S.A.,https://www.fitchratings.com/entity/corporeos-servicos-terapeuticos-sa-97572161
2026-09-25,MPM Corporeos S.A.,https://www.fitchratings.com/entity/mpm-corporeos-sa-97252184
2026-09-25,Banco Cooperativo Sicoob S.A. - Banco Sicoob,https://www.fitchratings.com/entity/banco-cooperativo-do-brasil-sa-80543444
2026-09-25,Banco de Lage Landen Brasil S.A.,https://www.fitchratings.com/entity/banco-de-lage-landen-brasil-sa-96897877
2026-09-25,Banco GM S.A.,https://www.fitchratings.com/entity/banco-gmac-sa-90420088
2026-09-25,Banco CNH Industrial Capital S.A.,https://www.fitchratings.com/entity/banco-cnh-industrial-capital-sa-80597992
2026-09-25,Banco John Deere S.A.,https://www.fitchratings.com/entity/banco-john-deere-sa-96800840
2026-09-25,Trusthub Securitizadora 2022-2 (Debenture SRM),https://www.fitchratings.com/entity/trusthub-securitizadora-2022-2-debenture-srm-97422627
2026-09-25,GOL Linhas Aereas Inteligentes S.A.,https://www.fitchratings.com/entity/gol-linhas-aereas-inteligentes-sa-83366465
2026-09-25,Dollar Diversified Payment Rights Finance Company,https://www.fitchratings.com/entity/dollar-diversified-payment-rights-finance-company-96767316
2026-09-25,Companhia Paraibana de Gas PBGAS,https://www.fitchratings.com/entity/companhia-paraibana-de-gas-pbgas-97518314
2026-09-25,Refinaria de Mataripe S.A.,https://www.fitchratings.com/entity/refinaria-de-mataripe-sa-97631572
2026-09-25,Anima Holding S.A.,https://www.fitchratings.com/entity/anima-holding-sa-94141490
2026-09-25,Mateus Supermercados S.A.,https://www.fitchratings.com/entity/mateus-supermercados-sa-96026490
2026-09-25,Laboratorio Sabin de Analises Clinicas S.A.,https://www.fitchratings.com/entity/laboratorio-sabin-de-analises-clinicas-ltda-96350585
2026-09-25,Opea Securitizadora S.A. 2024-301-1 (Almeida Junior),https://www.fitchratings.com/entity/opea-securitizadora-sa-2024-301-1-almeida-junior-97635401
2026-09-25,"Opea Securitizadora S.A. 2025-539-1,2 (Almeida Junior)",https://www.fitchratings.com/entity/opea-securitizadora-sa-2025-539-1-2-almeida-junior-97818673
2026-09-25,Opea Securitizadora S.A. 2023-65-1 (Klabin),https://www.fitchratings.com/entity/true-securitizadora-sa-2023-1-klabin-97512311
2026-09-25,"Opea Securitizadora S.A. 2023-249-1,2,3 (Ache)",https://www.fitchratings.com/entity/true-securitizadora-2023-1-2-3-ache-97559536
2026-09-25,"Eco Securitizadora 2024-331-1,2 (FS)",https://www.fitchratings.com/entity/eco-securitizadora-2024-331-1-2-fs-97612157
2026-09-25,"Eco Securitizadora 2023-243-1,2 (FS)",https://www.fitchratings.com/entity/eco-securitizadora-2023-1-2-fs-97478869
2026-09-25,"Eco Securitizadora 2025-384-1,2,3 (FS)",https://www.fitchratings.com/entity/eco-securitizadora-2025-384-1-2-3-fs-97712862
2026-09-25,"Eco Securitizadora 2023-297-1,2,3,4 (FS)",https://www.fitchratings.com/entity/eco-securitizadora-2023-1-2-3-4-fs-97550365
2026-09-25,Octante Securitizadora S.A. 2021-30-1 (FS),https://www.fitchratings.com/entity/octante-securitizadora-sa-97301621
2026-09-25,"Eco Securitizadora 2022-140-1,2 (FS)",https://www.fitchratings.com/entity/eco-securitizadora-2022-1-2-fs-97340470
2026-09-25,Eco Securitizadora 2022-167-2 (FS),https://www.fitchratings.com/entity/eco-securitizadora-2022-167-2-fs-agri-97377838
2026-09-25,"Eco Securitizadora 2023-264-1,2 (FS)",https://www.fitchratings.com/entity/eco-securitizadora-2023-264-1-2-fs-97506356
2026-09-25,"Eco Securitizadora 2024-310-1,2,3,4 (FS)",https://www.fitchratings.com/entity/eco-securitizadora-2024-310-1-2-3-4-fs-97571861
2026-09-25,"Opea Securitizadora S.A. 2015-1-61,62 (Havan)",https://www.fitchratings.com/entity/true-securitizadora-sa-96221293
2026-09-25,Eco Securitizadora 2024-349-1 (Amaggi),https://www.fitchratings.com/entity/eco-securitizadora-2024-349-1-amaggi-97646656
2026-09-25,"Opea Securitizadora S.A. 2023-192-1,2,3 (Assai)",https://www.fitchratings.com/entity/true-securitizadora-2023-1-2-3-assai-97511042
2026-09-25,Banco Citibank S.A.,https://www.fitchratings.com/entity/banco-citibank-sa-80362437
2026-09-25,Banco Sumitomo Mitsui Brasileiro S.A.,https://www.fitchratings.com/entity/banco-sumitomo-mitsui-brasileiro-sa-97252790
2026-09-25,Bank of America Merrill Lynch Banco Multiplo S.A.,https://www.fitchratings.com/entity/bank-of-america-merrill-lynch-banco-multiplo-sa-93524890
2026-09-25,Goldman Sachs do Brasil Banco Multiplo S.A.,https://www.fitchratings.com/entity/goldman-sachs-do-brasil-banco-multiplo-sa-96473435
2026-09-25,Novo Banco Continental S.A. - Banco Multiplo,https://www.fitchratings.com/entity/novo-banco-continental-sa-banco-multiplo-97135767
2026-09-25,Banco Inbursa S.A.,https://www.fitchratings.com/entity/banco-inbursa-sa-96672806
2026-09-25,MV24 Capital B.V.,https://www.fitchratings.com/entity/mv24-capital-bv-96723498
2026-09-25,T V V - Terminal de Vila Velha S.A.,https://www.fitchratings.com/entity/t-v-v-terminal-de-vila-velha-sa-97292252
2026-09-25,Guara Norte S.a r.l.,https://www.fitchratings.com/entity/guara-norte-sa-rl-97044825
2026-09-25,Globo Comunicacao e Participacoes S.A.,https://www.fitchratings.com/entity/globo-comunicacao-e-participacoes-sa-87246572
2026-09-25,Alares Internet Participacoes S.A.,https://www.fitchratings.com/entity/alares-internet-participacoes-s-a-97182126
2026-09-25,Usinas Siderurgicas de Minas Gerais S.A. (Usiminas),https://www.fitchratings.com/entity/usinas-siderurgicas-de-minas-gerais-sa-usiminas-84742070
2026-09-25,Opea Securitizadora S.A. 2012-1-69 (Vibra Energia),https://www.fitchratings.com/entity/rb-capital-companhia-de-securitizacao-91840491
2026-09-25,Companhia de Gas de Minas Gerais - Gasmig,https://www.fitchratings.com/entity/companhia-de-gas-de-minas-gerais-gasmig-96692279
2026-09-25,Intelbras S.A. Industria de Telecomunicacao Eletronica Brasileira,https://www.fitchratings.com/entity/intelbras-sa-industria-de-telecomunicacao-eletronica-brasileira-97503302
2026-09-25,Opea Securitizadora S.A. 2021-14-1 (Eldorado),https://www.fitchratings.com/entity/rb-sec-companhia-de-securitizacao-2021-14-eldorado-brasil-97291861
2026-09-25,Ventos de Santa Tereza 07 Energias Renovaveis S.A.,https://www.fitchratings.com/entity/ventos-de-santa-tereza-07-energias-renovaveis-sa-97591492
2026-09-25,Potengi Holdings S.A.,https://www.fitchratings.com/entity/potengi-holdings-sa-97542650
2026-09-25,Veleiros Holdings S.A.,https://www.fitchratings.com/entity/veleiros-holdings-sa-97542659
2026-09-25,AES Tucano Holding II S.A.,https://www.fitchratings.com/entity/aes-tucano-holding-ii-sa-97281834
2026-09-25,Auren Operacoes S.A.,https://www.fitchratings.com/entity/aes-brasil-operacoes-sa-97379391
2026-09-25,Auren Participacoes S.A.,https://www.fitchratings.com/entity/aes-brasil-energia-sa-97281499
2026-09-25,Auren Energia S.A.,https://www.fitchratings.com/entity/vtrm-energia-participacoes-sa-97036543
2026-09-25,CESP - Companhia Energetica de Sao Paulo,https://www.fitchratings.com/entity/cesp-companhia-energetica-de-sao-paulo-97003909
2026-09-25,"Multiplike Securitizadora S.A. 2024-15-1,2,3 (Debentures Multiplike)",https://www.fitchratings.com/entity/multiplike-securitizadora-sa-2024-15-1-2-3-97681046
2026-09-25,Andre Maggi Participacoes S.A.,https://www.fitchratings.com/entity/andre-maggi-participacoes-sa-97060206
2026-09-25,FS I Industria de Etanol S.A,https://www.fitchratings.com/entity/fs-i-industria-de-etanol-sa-97809918
2026-09-25,FS Industria de Biocombustiveis Ltda.,https://www.fitchratings.com/entity/fs-agrisolutions-industria-de-biocombustiveis-ltda-96862589
2026-09-25,Somos Sistemas de Ensino S.A.,https://www.fitchratings.com/entity/somos-sistemas-de-ensino-sa-97273134
2026-09-25,QMC Telecom do Brasil Cessao de Infraestrutura S.A.,https://www.fitchratings.com/entity/qmc-telecom-do-brasil-cessao-de-infraestrutura-sa-97527625
2026-09-25,Mantiqueira Alimentos S.A.,https://www.fitchratings.com/entity/mantiqueira-alimentos-sa-97753425
2026-09-25,Yinson Bergenia Production B.V.,https://www.fitchratings.com/entity/yinson-bergenia-production-bv-97746196
2026-09-25,Gerdau S.A.,https://www.fitchratings.com/entity/gerdau-sa-82273687
2026-09-25,Natura Cosmeticos S.A.,https://www.fitchratings.com/entity/natura-cosmeticos-sa-90714090
2026-09-25,Opea Securitizadora S.A. 2017-1-169 (Localiza),https://www.fitchratings.com/entity/rb-capital-companhia-de-securitizacao-2017-169-localiza-96576289
2026-09-25,Sociedade Beneficente Israelita Brasileira - Hospital Albert Einstein,https://www.fitchratings.com/entity/sociedade-beneficente-israelita-brasileira-hospital-albert-einstein-96628807
2026-09-25,Estado de Mato Grosso do Sul,https://www.fitchratings.com/entity/estado-de-mato-grosso-do-sul-97706435
2026-09-25,FIDC Consig Premium I - Responsabilidade Limitada,https://www.fitchratings.com/entity/fundo-de-investimento-em-direitos-creditorios-consig-premium-i-responsabilidade-limitada-97877954
2026-09-25,iCred FGTS Fundo de Investimento em Direitos Creditorios,https://www.fitchratings.com/entity/icred-fgts-fundo-de-investimento-em-direitos-creditorios-97587883
2026-09-25,"Eco Securitizadora 2026-454-1,2,3,4 (JBS)",https://www.fitchratings.com/entity/eco-securitizadora-2026-454-1-2-3-4-jbs-97909478
2026-09-25,Riza Securitizadora 2022-98-1 (JBS),https://www.fitchratings.com/entity/virgo-cia-de-securitizacao-2022-1-jbs-97357187
2026-09-25,Riza Securitizadora 2022-98-2 (JBS),https://www.fitchratings.com/entity/virgo-cia-de-securitizaco-2022-2-97358348
2026-09-25,Riza Securitizadora 2022-98-3 (JBS),https://www.fitchratings.com/entity/virgo-cia-de-securitizacao-2022-3-97358349
2026-09-25,Isa Energia Brasil S.A.,https://www.fitchratings.com/entity/companhia-de-transmissao-de-energia-eletrica-paulista-sa-cteep-87797443
2026-09-25,Rio Oil Finance Trust,https://www.fitchratings.com/entity/rio-oil-finance-trust-94216093
2026-09-25,Credito Universitario Fundo de Investimento em Direitos Creditorios,https://www.fitchratings.com/entity/credito-universitario-fundo-de-investimento-em-direitos-creditorios-96969819
2026-09-25,Opea Securitizadora S.A. 2022-1-508 (Rede D'Or),https://www.fitchratings.com/entity/opea-securitizadora-sa-2022-508-rede-d-or-97370848
2026-09-25,Opea Securitizadora S.A. 2022-1-509 (Rede D'Or),https://www.fitchratings.com/entity/opea-securitizadora-sa-2022-509-rede-d-or-97370854
2026-09-25,Opea Securitizadora S.A. 2022-18-1 (Selmi),https://www.fitchratings.com/entity/true-securitizadora-2022-18-selmi-97329355
2026-09-25,"Opea Securitizadora S.A. 2022-50-1,2,3 (Rede D'Or)",https://www.fitchratings.com/entity/opea-securitizadora-sa-2022-1-2-3-rede-d-or-97412406
2026-09-25,"Opea Securitizadora S.A. 2022-83-1,2,3,4 (Rede D'Or)",https://www.fitchratings.com/entity/opea-securitizadora-2022-1-2-3-4-rede-d-or-97438680
2026-09-25,"Opea Securitizadora S.A. 2023-176-1,2,3 (Rede D'Or)",https://www.fitchratings.com/entity/opea-securitizadora-sa-2023-1-2-3-rede-d-or-97519281
2026-09-25,"Opea Securitizadora S.A. 2023-245-1,2 (Rede D'Or)",https://www.fitchratings.com/entity/opea-securitizadora-sa-2023-1-2-rede-d-or-97568079
2026-09-25,"Opea Securitizadora S.A. 2025-192-1,2,3 (Eldorado)",https://www.fitchratings.com/entity/opea-securitizadora-2025-192-1-2-3-eldorado-97787851
2026-09-25,"Opea Securitizadora S.A. 2025-490-1,2 (Rede D'Or)",https://www.fitchratings.com/entity/opea-securitizadora-sa-2025-490-1-2-rede-d-or-97786050
2026-09-25,"Riza Securitizadora 2022-56-1,2 (Smartfit)",https://www.fitchratings.com/entity/virgo-companhia-de-securitizacao-2022-1-2-smartfit-97430829
2026-09-25,Opea Securitizadora S.A. 2021-1-397 (Rede D'Or),https://www.fitchratings.com/entity/rb-sec-companhia-de-securitizacao-2021-397-rede-d-or-97298488
2026-09-25,Bari Securitizadora 2024-35-1 (RNI),https://www.fitchratings.com/entity/bari-securitizadora-2024-35-1-rni-97669954
2026-09-25,"Eco Securitizadora 2026-447-1,2,3,4 (BRF)",https://www.fitchratings.com/entity/eco-securitizadora-2026-447-1-2-3-4-brf-97884510
2026-09-25,Opea Securitizadora S.A. 2021-1-396 (Rede D'Or),https://www.fitchratings.com/entity/rb-sec-companhia-de-securitizacao-2021-396-rede-d-or-97297984
2026-09-25,"Opea Securitizadora S.A. 2021-1-428,429 (Assai)",https://www.fitchratings.com/entity/true-securitizadora-2021-428-429-assai-97278113
2026-09-25,"Opea Securitizadora S.A. 2026-588-1,2,3 (Allos)",https://www.fitchratings.com/entity/opea-securitizadora-sa-2026-588-1-2-3-allos-97871091
2026-09-25,"Eco Securitizadora 2025-403-1,2,3,4,5 (BRF)",https://www.fitchratings.com/entity/eco-securitizadora-2025-403-1-2-3-4-5-brf-97768689
2026-09-25,"Eco Securitizadora 2026-442-1,2,3,4 (Lar)",https://www.fitchratings.com/entity/eco-securitizadora-2026-442-1-2-3-4-lar-97866647
2026-09-25,"Eco Securitizadora 2025-390-1,2,3,4 (BRF)",https://www.fitchratings.com/entity/eco-securitizadora-2025-390-1-2-3-4-brf-97725128
2026-09-25,"Eco Securitizadora 2025-405-1,2,3,4 (Lar)",https://www.fitchratings.com/entity/eco-securitizadora-2025-405-1-2-3-4-lar-97771682
2026-09-25,"Eco Securitizadora 2025-404-1,2,3 (Mantiqueira)",https://www.fitchratings.com/entity/eco-securitizadora-2025-404-1-2-3-mantiqueira-97780236
2026-09-25,Eco Securitizadora 2024-343-1 (Marfrig),https://www.fitchratings.com/entity/eco-securitizadora-2024-343-1-marfrig-97633970
2026-09-25,Opea Securitizadora S.A. 2025-494-1 (Multiplan),https://www.fitchratings.com/entity/opea-securitizadora-sa-2025-494-1-multiplan-97787769
2026-09-25,"Opea Securitizadora S.A. 2025-416-1,2 (Iguatemi Shopping)",https://www.fitchratings.com/entity/opea-securitizadora-sa-2025-416-1-2-iguatemi-shopping-97715042
2026-09-25,"Eco Securitizadora 2024-319-1,2,3 (Lar)",https://www.fitchratings.com/entity/eco-securitizadora-2024-319-1-2-3-lar-97588422
2026-09-25,"Eco Securitizadora 2024-369-1,2,3,4 (Marfrig)",https://www.fitchratings.com/entity/eco-secutirizadora-2024-369-1-2-3-4-marfrig-97667697
2026-09-25,Eco Securitizadora 2022-188-1 (Armac),https://www.fitchratings.com/entity/eco-securitizadora-2022-1-armac-97396408
2026-09-25,"Opea Securitizadora S.A. 2022-52-1,2 (Mercado Livre)",https://www.fitchratings.com/entity/true-securitizadora-2022-2-mercado-livre-97410838
2026-09-25,Opea Securitizadora S.A. 2022-49-2 (Cogna),https://www.fitchratings.com/entity/true-securitizadora-2022-2-cogna-97402939
2026-09-25,Riza Securitizadora 2022-62-3 (Hapvida),https://www.fitchratings.com/entity/virgo-companhia-de-securitizacao-2022-3-bcbf-97435474
2026-09-25,"Vert Cia Securitizadora 2024-124-1,2,3,4,5 (Dasa)",https://www.fitchratings.com/entity/vert-companhia-securitizadora-2024-124-1-2-3-4-5-dasa-97566585
2026-09-25,"Opea Securitizadora S.A. 2024-262-1,2,3 (Allos)",https://www.fitchratings.com/entity/opea-securitizadora-sa-2024-262-1-2-3-allos-97585637
2026-09-25,"Eco Securitizadora 2024-318-1,2,3 (Marfrig)",https://www.fitchratings.com/entity/eco-securitizadora-2024-318-1-2-3-marfrig-97586433
2026-09-25,"Riza Securitizadora 2024-188-1,2,3 (Zamp)",https://www.fitchratings.com/entity/virgo-companhia-de-securitizacao-97569652
2026-09-25,"Eco Securitizadora 2024-332-1,2,3 (BRF)",https://www.fitchratings.com/entity/eco-securitizadora-2024-332-1-2-3-brf-97618528
2026-09-25,"Opea Securitizadora S.A. 2024-272-1,2,3 (Grupo Salta)",https://www.fitchratings.com/entity/opea-securitizadora-sa-2024-272-1-2-3-grupo-salta-97593456
2026-09-25,"Opea Securitizadora S.A. 2023-190-1,2 (VCSA)",https://www.fitchratings.com/entity/opea-securitizadora-sa-2023-1-2-vcsa-97533356
2026-09-25,Opea Securitizadora S.A. 2023-211-1 (CLI),https://www.fitchratings.com/entity/opea-securitizadora-2023-1-cli-97548411
2026-09-25,Eco Securitizadora 2023-308-1 (Dexco),https://www.fitchratings.com/entity/eco-securitizadora-2023-308-1-dexco-97569197
2026-09-25,Riza Securitizadora 2024-167-1 (Multiplan),https://www.fitchratings.com/entity/virgo-cia-de-securitizacao-2024-167-1-multiplan-97612066
2026-09-25,"Opea Securitizadora S.A. 2024-298-1,2 (Iguatemi Shopping)",https://www.fitchratings.com/entity/opea-securitizadora-sa-2024-298-1-2-iguatemi-empresa-de-shopping-centers-sa-97620833
2026-09-25,Opea Securitizadora S.A. 2022-49-3 (Cogna),https://www.fitchratings.com/entity/true-securitizadora-2022-3-cogna-97402940
2026-09-25,"Eco Securitizadora 2022-187-1,2 (Dexco)",https://www.fitchratings.com/entity/eco-securitizadora-de-direitos-creditorios-do-agronegocio-sa-2022-1-2-dexco-97396008
2026-09-25,Riza Securitizadora 2021-25-1 (M. Dias Branco),https://www.fitchratings.com/entity/isec-securitizadora-2021-1-m-dias-branco-97123815
2026-09-25,"Riza Securitizadora 2022-95-1,2,3 (Norsa)",https://www.fitchratings.com/entity/virgo-cia-de-securitizacao-2022-1-2-3-norsa-97354020
2026-09-25,Opea Securitizadora S.A. 2022-1-463 (Havan),https://www.fitchratings.com/entity/opea-securitizadora-sa-2022-463-havan-97344099
2026-09-25,Opea Securitizadora S.A. 2022-3-1 (Grupo Mateus),https://www.fitchratings.com/entity/true-securitizadora-2022-1-mateus-97381497
2026-09-25,Vert Cia Securitizadora 2019-30-1 (Klabin),https://www.fitchratings.com/entity/vert-companhia-securitizadora-96764451
2026-09-25,"Opea Securitizadora S.A. 2023-134-1,2 (Allos)",https://www.fitchratings.com/entity/opea-securitizadora-sa-2023-1-2-aliansce-97471052
2026-09-25,Eco Securitizadora 2022-188-2 (Armac),https://www.fitchratings.com/entity/eco-securitizadora-2022-2-armac-97398158
2026-09-25,"Vert Cia Securitizadora 2022-94-1,2,3 (Dasa)",https://www.fitchratings.com/entity/vert-companhia-securitizadora-2022-1-2-dasa-97421532
2026-09-25,Riza Securitizadora 2021-4-378 (Hapvida),https://www.fitchratings.com/entity/virgo-cia-de-securitizacao-2021-378-hapvida-97300765
2026-09-25,"Opea Securitizadora S.A. 2023-189-1,2,3,4 (Iguatemi)",https://www.fitchratings.com/entity/opea-securitizadora-sa-2023-1-2-3-4-iguatemi-97534657
2026-09-25,"Opea Securitizadora S.A. 2023-159-1,2,3 (Movida)",https://www.fitchratings.com/entity/movida-participacoes-sa-97502173
2026-09-25,Riza Securitizadora 2022-62-1 (Hapvida),https://www.fitchratings.com/entity/virgo-companhia-de-securitizacao-2022-1-bcbf-97435461
2026-09-25,"Eco Securitizadora 2025-434-1,2,3,5 (BRF)",https://www.fitchratings.com/entity/eco-securitizadora-2025-434-1-2-3-4-5-brf-97825988
2026-09-25,Opea Securitizadora S.A. 2021-1-325 (VCSA),https://www.fitchratings.com/entity/rb-capital-companhia-de-securitizacao-2021-325-vci-97136915
2026-09-25,Vert Cia Securitizadora 2021-60-1 (BRF),https://www.fitchratings.com/entity/vert-companhia-securitizadora-2021-1-brf-97228641
2026-09-25,"Opea Securitizadora S.A. 2021-16-1,2 (Marfrig)",https://www.fitchratings.com/entity/rb-sec-companhia-de-securitizacao-2021-1-2-marfrig-97239333
2026-09-25,Riza Securitizadora 2021-25-2 (M. Dias Branco),https://www.fitchratings.com/entity/isec-securitizadora-2021-2-m-dias-branco-97123816
2026-09-25,Opea Securitizadora S.A. 2021-1-347 (Allos),https://www.fitchratings.com/entity/rb-sec-companhia-de-securitizacao-2021-347-aliansce-97233576
2026-09-25,Opea Securitizadora S.A. 2019-1-233 (VCSA),https://www.fitchratings.com/entity/rb-capital-companhia-de-securitizacao-2019-232-233-vci-96808579
2026-09-25,Opea Securitizadora S.A. 2022-49-1 (Cogna),https://www.fitchratings.com/entity/true-securitizadora-2022-1-cogna-97402909
2026-09-25,"Vert Cia Securitizadora 2022-89-1,2 (Mercado Livre)",https://www.fitchratings.com/entity/vert-companhia-securitizadora-2022-1-mercado-livre-97410809
2026-09-25,Opea Securitizadora S.A. 2022-31-1 (Dexco),https://www.fitchratings.com/entity/true-securitizadora-sa-2022-1-duratex-97396005
2026-09-25,Riza Securitizadora 2022-62-2 (Hapvida),https://www.fitchratings.com/entity/virgo-companhia-de-securitizacao-2022-2-bcbf-97435470
2026-09-25,"Habitasec 2022-17-1,2 (Lar)",https://www.fitchratings.com/entity/habitasec-2022-1-lar-97435851
2026-09-25,"Riza Securitizadora 2023-166-1,2 (J. Macedo)",https://www.fitchratings.com/entity/virgo-companhia-de-securitizacao-2023-1-2-j-macedo-97483386
2026-09-25,"Eco Securitizadora 2022-153-1,2,3 (Marfrig)",https://www.fitchratings.com/entity/eco-securitizadora-2022-1-2-3-97343669
2026-09-25,"Riza Securitizadora 2023-123-1,2,3 (Multiplan)",https://www.fitchratings.com/entity/virgo-cia-de-securitizacao-2023-1-2-3-multiplan-97544009
2026-09-25,"Riza Securitizadora 2023-182-1,2,3,4 (Norsa)",https://www.fitchratings.com/entity/virgo-cia-de-securitizacao-2023-1-2-3-4-norsa-97545488
2026-09-25,Vert Cia Securitizadora 2020-46-2 (BRF),https://www.fitchratings.com/entity/vert-companhia-securitizadora-2020-2-brf-97013158
2026-09-25,Eco Securitizadora 2023-285-1 (Dexco),https://www.fitchratings.com/entity/eco-securitizadora-de-direitos-creditorio-do-agronegocio-sa-2023-1-dexco-97538242
2026-09-25,"Opea Securitizadora S.A. 2025-395-1,2 (BR Malls)",https://www.fitchratings.com/entity/opea-securitizadora-sa-2025-395-1-2-br-malls-97695820
2026-09-25,Vert Cia Securitizadora 2020-46-1 (BRF),https://www.fitchratings.com/entity/vert-companhia-securitizadora-2020-1-brf-97009515
2026-09-25,Cooperativa Central de Credito Rural com Interacao Solidaria - Central Cresol Sicoper,https://www.fitchratings.com/entity/cooperativa-central-de-credito-rural-com-interacao-solidaria-central-cresol-sicoper-97361361
2026-09-25,Cooperativa Central de Credito com Interacao Solidaria - Central Cresol Baser,https://www.fitchratings.com/entity/cooperativa-central-de-credito-com-interacao-solidaria-central-cresol-baser-97078781
2026-09-25,Cooperativa Central de Credito Ailos,https://www.fitchratings.com/entity/cooperativa-central-de-credito-ailos-97229433
2026-09-25,Cooperativa Central de Credito do Estado de Sao Paulo - Sicoob Sao Paulo,https://www.fitchratings.com/entity/cooperativa-central-de-credito-do-estado-de-sao-paulo-sicoob-sao-paulo-97706538
2026-09-25,Hidrovias do Brasil S.A.,https://www.fitchratings.com/entity/hidrovias-do-brasil-sa-96584762
2026-09-25,EDP Energias do Brasil S.A.,https://www.fitchratings.com/entity/edp-energias-do-brasil-sa-94762090
2026-09-25,Opea Securitizadora S.A. 2026-608-1 (Iguatemi),https://www.fitchratings.com/entity/opea-securitizadora-sa-2026-608-1-iguatemi-97904782
2026-09-25,Banco Digimais S.A.,https://www.fitchratings.com/entity/banco-digimais-sa-89817862
2026-09-25,Credito Universitario III FIDC,https://www.fitchratings.com/entity/credito-universitario-iii-fidc-97848777
2026-09-25,Norsa Refrigerantes S.A.,https://www.fitchratings.com/entity/norsa-refrigerantes-sa-96784265
2026-09-25,Solar Bebidas S.A.,https://www.fitchratings.com/entity/solar-bebidas-sa-97327228
2026-09-25,Barreiras Holding S.A.,https://www.fitchratings.com/entity/barreiras-holding-sa-97585626
2026-09-25,Equatorial Para Distribuidora de Energia S.A.,https://www.fitchratings.com/entity/equatorial-energia-para-distribuidora-de-energia-sa-83541468
2026-09-25,Equatorial Goias Distribuidora de Energia S.A,https://www.fitchratings.com/entity/celg-distribuicao-sa-95312890
2026-09-25,Echoenergia Participacoes S.A.,https://www.fitchratings.com/entity/echoenergia-participacoes-sa-96662850
2026-09-25,Ribeiro Goncalves Energia Solar S.A.,https://www.fitchratings.com/entity/ribeiro-goncalves-energia-solar-spe-sa-97544021
2026-09-25,Companhia Imobiliaria de Brasilia (Terracap),https://www.fitchratings.com/entity/companhia-imobiliaria-de-brasilia-terracap-97616237
2026-09-25,Elea Digital Infraestrutura e Redes de Telecomunicacoes S.A.,https://www.fitchratings.com/entity/drammen-rj-infraestrutura-e-redes-de-telecomunicacoes-sa-97272267
2026-09-25,Brazil,https://www.fitchratings.com/entity/brazil-80442191
2026-09-25,Sociedade de Abastecimento de Agua e Saneamento S.A.,https://www.fitchratings.com/entity/sociedade-de-abastecimento-de-agua-e-saneamento-sa-96230976
2026-09-25,TIM S.A.,https://www.fitchratings.com/entity/tim-sa-97088596
2026-09-25,TIM Brasil Servicos e Participacoes S.A.,https://www.fitchratings.com/entity/tim-brasil-servicos-e-participacoes-sa-97462270
2026-09-25,Facta INSS CB FIDC,https://www.fitchratings.com/entity/facta-inss-cb-fidc-97441991
2026-09-25,Agencia de Fomento do Estado de Santa Catarina S.A. - Badesc,https://www.fitchratings.com/entity/agencia-de-fomento-do-estado-de-santa-catarina-sa-badesc-96804570
2026-09-25,Eldorado Brasil Celulose S.A.,https://www.fitchratings.com/entity/eldorado-brasil-celulose-sa-96152344
2026-09-25,Fortbrasil Securitizadora S.A.,https://www.fitchratings.com/entity/fortbrasil-administradora-de-cartoes-de-credito-sa-97172463
2026-09-25,Nova Occam Brasil Gestao de Recursos Ltda,https://www.fitchratings.com/entity/nova-occam-brasil-gestao-de-recursos-ltda-97491611
2026-09-25,Occam Brasil Gestao de Recursos Ltda.,https://www.fitchratings.com/entity/occam-brasil-gestao-de-recursos-ltda-96672817
2026-09-25,RNI Negocios Imobiliarios S.A.,https://www.fitchratings.com/entity/rni-negocios-imobiliarios-sa-89317063
2026-09-25,Rodobens S.A.,https://www.fitchratings.com/entity/rodobens-sa-97239694
2026-09-25,Companhia Riograndense de Saneamento Corsan,https://www.fitchratings.com/entity/companhia-riograndense-de-saneamento-corsan-97071542
2026-09-25,Aguas Guariroba S.A.,https://www.fitchratings.com/entity/aguas-guariroba-sa-89867861
2026-09-25,Aegea Saneamento e Participacoes S.A.,https://www.fitchratings.com/entity/aegea-saneamento-e-participacoes-sa-91565696
2026-09-25,Prolagos S.A. - Concessionaria de Servicos Publicos de Agua e Esgoto,https://www.fitchratings.com/entity/prolagos-sa-concessionaria-de-servicos-publicos-de-agua-e-esgoto-89867865
2026-09-25,Aguas de Teresina Saneamento SPE S.A.,https://www.fitchratings.com/entity/aguas-de-teresina-saneamento-spe-sa-96568164
2026-09-25,Blau Farmaceutica S.A.,https://www.fitchratings.com/entity/blau-farmaceutica-sa-96789775
2026-09-25,Enel Green Power Volta Grande S.A.,https://www.fitchratings.com/entity/enel-green-power-volta-grande-sa-96819597
2026-09-25,Transportadora Associada de Gas S.A. - TAG,https://www.fitchratings.com/entity/transportadora-associada-de-gas-sa-tag-96625934
2026-09-25,"Sao Paulo, State of",https://www.fitchratings.com/entity/sao-paulo-state-of-90237272
2026-09-25,Banco BOCOM BBM S.A.,https://www.fitchratings.com/entity/banco-bocom-bbm-sa-80732935
2026-09-25,Companhia de Saneamento do Parana - SANEPAR,https://www.fitchratings.com/entity/companhia-de-saneamento-do-parana-sanepar-96358618
2026-09-25,BR Partners Banco de Investimento S.A.,https://www.fitchratings.com/entity/br-partners-banco-de-investimento-sa-94195914
2026-09-25,Banco ABC Brasil S.A.,https://www.fitchratings.com/entity/banco-abc-brasil-sa-80543393
2026-09-25,JSL S.A.,https://www.fitchratings.com/entity/jsl-sa-90188261
2026-09-25,Movida Participacoes S.A.,https://www.fitchratings.com/entity/movida-participacoes-sa-96487716
2026-09-25,Simpar S.A.,https://www.fitchratings.com/entity/simpar-sa-97012100
2026-09-25,"Vamos Locacao de Caminhoes, Maquinas e Equipamentos S.A.",https://www.fitchratings.com/entity/vamos-locacao-de-caminhoes-maquinas-e-equipamentos-sa-96704030
2026-09-25,Riza Securitizadora 2019-4-64 (Sao Goncalo Shopping),https://www.fitchratings.com/entity/isec-securitizadora-2019-64-sao-goncalo-shopping-97158676
2026-09-25,Delfinance Sociedade de Crédito Direto S.A.,https://www.fitchratings.com/entity/delcred-sociedade-de-credito-direto-sa-97711779
2026-09-25,InterCement Participacoes S.A. - Em Recuperacao Judicial,https://www.fitchratings.com/entity/intercement-participacoes-sa-92950500
2026-09-25,Banco XP S.A,https://www.fitchratings.com/entity/banco-xp-sa-97172367
2026-09-25,Uniao Quimica Farmaceutica Nacional S.A.,https://www.fitchratings.com/entity/uniao-quimica-farmaceutica-nacional-sa-90998502
2026-09-25,Delga Industria e Comercio S.A.,https://www.fitchratings.com/entity/delga-industria-e-comercio-sa-97840336
2026-09-25,Vivara Participacoes S.A.,https://www.fitchratings.com/entity/vivara-participacoes-sa-97559261
2026-09-25,Companhia Catarinense de Aguas e Saneamento - CASAN,https://www.fitchratings.com/entity/companhia-catarinense-de-aguas-e-saneamento-casan-92740312
2026-09-25,Yinson Boronia Production B.V.,https://www.fitchratings.com/entity/yinson-boronia-production-bv-97599549
2026-09-25,Copel Servicos S.A.,https://www.fitchratings.com/entity/copel-servicos-sa-97607160
2026-09-25,Companhia Paranaense de Energia (COPEL),https://www.fitchratings.com/entity/companhia-paranaense-de-energia-copel-80614489
2026-09-25,Copel Distribuicao S.A.,https://www.fitchratings.com/entity/copel-distribuicao-sa-96382097
2026-09-25,Copel Geracao e Transmissao S.A.,https://www.fitchratings.com/entity/copel-geracao-e-transmissao-sa-96167039
2026-09-25,Cooperativa de Credito Crediceripa - Sicoob Crediceripa,https://www.fitchratings.com/entity/cooperativa-de-credito-crediceripa-sicoob-crediceripa-96975124
2026-09-25,Cooperativa de Credito PRO - Sicoob PRO,https://www.fitchratings.com/entity/cooperativa-de-credito-pro-97696341
2026-09-25,Sicoob Cocred Cooperativa de Credito,https://www.fitchratings.com/entity/sicoob-cocred-cooperativa-de-credito-97262424
2026-09-25,Cooperativa de Credito Sicoob Engecred Ltda,https://www.fitchratings.com/entity/cooperativa-de-credito-de-livre-admissao-de-goiania-e-regiao-ltda-sicoob-engecred-go-96741018
2026-09-25,Cooperativa de Credito de Livre Admissao de Associados - Sicoob Maxicredito,https://www.fitchratings.com/entity/cooperativa-de-credito-maxi-alfa-de-livre-admissao-de-associados-sicoob-maxicredito-97484132
2026-09-25,Cooperativa de Credito Credicocapec - Sicoob Credicocapec,https://www.fitchratings.com/entity/cooperativa-de-credito-credicocapec-sicoob-credicocapec-97770296
2026-09-25,Eco Securitizadora 2022-167-1 (FS),https://www.fitchratings.com/entity/eco-securitizadora-2022-167-1-fs-agri-97376143
2026-09-25,Cooperativa de Credito Credicitrus - Sicoob Credicitrus,https://www.fitchratings.com/entity/cooperativa-de-credito-credicitrus-sicoob-credicitrus-96730168
2026-09-25,Banco do Estado de Sergipe S.A.,https://www.fitchratings.com/entity/banco-do-estado-de-sergipe-sa-90253862
2026-09-25,JBS S.A.,https://www.fitchratings.com/entity/jbs-sa-87468174
2026-09-25,JBS N.V.,https://www.fitchratings.com/entity/jbs-nv-97812999
2026-09-25,Banco do Estado do Rio Grande do Sul S.A.,https://www.fitchratings.com/entity/banco-do-estado-do-rio-grande-do-sul-sa-80480833
2026-09-25,FIDC IV Energisa Centro Oeste,https://www.fitchratings.com/entity/fundo-de-investimento-em-direitos-creditorios-np-energisa-iv-centro-oeste-96219538
2026-09-25,Banestes S.A. - Banco do Estado do Espirito Santo,https://www.fitchratings.com/entity/banestes-sa-banco-do-estado-do-espirito-santo-94984690
2026-09-25,FUNDO DE INVESTIMENTO EM DIREITOS CREDITÓRIOS CREDITAS AUTO XII,https://www.fitchratings.com/entity/fundo-de-investimento-em-direitos-creditorios-creditas-auto-xii-97832556
2026-09-25,"Vert Cia Securitizadora 2023-92-1,2,3,4 (Belagricola)",https://www.fitchratings.com/entity/vert-companhia-securitizadora-2023-92-1-2-3-4-belagricola-97567120
2026-09-25,"Vert Cia Securitizadora 2023-91-1,2,3,4 (Belagricola)",https://www.fitchratings.com/entity/vert-companhia-securitizadora-2023-91-1-2-3-4-belagricola-97561692
2026-09-25,Banco de Desenvolvimento do Espirito Santo S.A.,https://www.fitchratings.com/entity/banco-de-desenvolvimento-do-espirito-santo-sa-97043997
2026-09-25,Banco Regional de Desenvolvimento do Extremo Sul (BRDE),https://www.fitchratings.com/entity/banco-regional-de-desenvolvimento-do-extremo-sul-brde-85210273
2026-09-25,"Maranhao, State of",https://www.fitchratings.com/entity/maranhao-state-of-92198092
2026-09-25,Pastificio Selmi S.A.,https://www.fitchratings.com/entity/pastificio-selmi-sa-96566506
2026-09-25,Aguas do Paraiba S.A.,https://www.fitchratings.com/entity/aguas-do-paraiba-sa-97598672
2026-09-25,Aguas da Imperatriz S.A.,https://www.fitchratings.com/entity/aguas-da-imperatriz-sa-97766000
2026-09-25,Saneamento Ambiental Aguas do Brasil S.A.,https://www.fitchratings.com/entity/saneamento-ambiental-aguas-do-brasil-sa-92753891
2026-09-25,Concessionaria Aguas de Juturnaiba S.A.,https://www.fitchratings.com/entity/concessionaria-aguas-de-juturnaiba-sa-97070967
2026-09-25,Smartfit Escola de Ginastica e Danca S.A.,https://www.fitchratings.com/entity/smartfit-escola-de-ginastica-e-danca-sa-96173422
2026-09-25,Energisa S.A.,https://www.fitchratings.com/entity/energisa-sa-83598865
2026-09-25,Energisa Sergipe - Distribuidora de Energia S/A,https://www.fitchratings.com/entity/energisa-sergipe-distribuidora-de-energia-s-a-83215018
2026-09-25,Energisa Minas Rio - Distribuidora de Energia S.A.,https://www.fitchratings.com/entity/energisa-minas-gerais-distribuidora-de-energia-s-a-83598868
2026-09-25,Energisa Tocantins - Distribuidora de Energia S/A,https://www.fitchratings.com/entity/energisa-tocantins-distribuidora-de-energia-s-a-96689844
2026-09-25,Energisa Paraiba - Distribuidora de Energia S/A,https://www.fitchratings.com/entity/energisa-paraiba-distribuidora-de-energia-s-a-83215024
2026-09-25,Energisa Transmissao de Energia S.A.,https://www.fitchratings.com/entity/energisa-transmissao-de-energia-sa-96724735
2026-09-25,Energisa Mato Grosso do Sul - Distribuidora de Energia S.A.,https://www.fitchratings.com/entity/energisa-mato-grosso-do-sul-distribuidora-de-energia-sa-96223276
2026-09-25,Energisa Mato Grosso - Distribuidora de Energia S.A.,https://www.fitchratings.com/entity/energisa-mato-grosso-distribuidora-de-energia-sa-96223279
2026-09-25,Energisa Acre - Distribuidora de Energia S.A.,https://www.fitchratings.com/entity/energisa-acre-distribuidora-de-energia-sa-97096959
2026-09-25,Alsol Energias Renovaveis S.A.,https://www.fitchratings.com/entity/alsol-energias-renovaveis-96810835
2026-09-25,Energisa Sul Sudeste - Distribuidora de Energia S/A,https://www.fitchratings.com/entity/energisa-sul-sudeste-distribuidora-de-energia-s-a-96689833
2026-09-25,Energisa Rondonia Distribuidora de Energia S.A.,https://www.fitchratings.com/entity/energisa-rondonia-distribuidora-de-energia-sa-97096965
2026-09-25,Telefonica Brasil S.A.,https://www.fitchratings.com/entity/telefonica-brasil-sa-88576199
2026-09-25,Cogna Educacao S.A.,https://www.fitchratings.com/entity/cogna-educacao-sa-92741290
2026-09-25,Saber Servicos Educacionais S.A.,https://www.fitchratings.com/entity/saber-servicos-educacionais-sa-96663570
2026-09-25,"Multiplike Financeira S.A. Sociedade De Credito, Financiamento E Investimento",https://www.fitchratings.com/entity/multiplike-financeira-sa-sociedade-de-credito-financiamento-e-investimento-97880687
2026-09-25,"CSCF Cartoes Consignados II 2025-4-1,2,3 (BMG 8)",https://www.fitchratings.com/entity/cscf-cartoes-consignados-ii-2025-4-1-2-3-bmg-8-97745508
2026-09-25,"Vert CSCF 2024-5-1,2,3 (BMG 6)",https://www.fitchratings.com/entity/vert-cscf-2024-1-2-3-bmg-6-97613555
2026-09-25,"Vert CSCF 2024-7-1,2,3 (BMG 7)",https://www.fitchratings.com/entity/vert-cscf-2024-7-1-2-3-bmg-7-97645517
2026-09-25,"CSCF Cartoes Consignados II 2023-3-1,2 (BMG 5)",https://www.fitchratings.com/entity/companhia-securitizadora-de-creditos-financeiros-cartoes-consignados-ii-2023-2-bmg5-97537359
2026-09-25,"CSCF Cartoes Consignados II 2022-2-1,2 (BMG 3)",https://www.fitchratings.com/entity/companhia-securitizadora-de-creditos-financeiros-cartoes-consignados-ii-2022-1-2-97405571
2026-09-25,"CSCF Cartoes Consignados BMG 2022-2-1,2 (BMG 4)",https://www.fitchratings.com/entity/companhia-securitizadora-de-creditos-financeiros-cartoes-consignados-bmg-2022-1-2-97520636
2026-09-25,Senior Sistemas S.A.,https://www.fitchratings.com/entity/senior-sistemas-sa-97810907
2026-09-25,Banco Mercedes-Benz do Brasil S.A.,https://www.fitchratings.com/entity/banco-mercedes-benz-do-brasil-sa-91896832
2026-09-25,Eletropaulo Metropolitana Eletricidade de Sao Paulo S.A.,https://www.fitchratings.com/entity/eletropaulo-metropolitana-eletricidade-de-sao-paulo-sa-80464130
2026-09-25,Companhia Energetica do Ceara,https://www.fitchratings.com/entity/companhia-energetica-do-ceara-96574578
2026-09-25,Ampla Energia e Servicos S.A.,https://www.fitchratings.com/entity/ampla-energia-e-servicos-sa-96591706
2026-09-25,Enel Brasil S.A.,https://www.fitchratings.com/entity/enel-brasil-sa-96574575
2026-09-25,Rede D'Or Sao Luiz S.A.,https://www.fitchratings.com/entity/rede-dor-sao-luiz-sa-96193829
2026-09-25,Hospital Esperanca S.A.,https://www.fitchratings.com/entity/hospital-esperanca-sa-97686959
2026-09-25,"Opea Securitizadora S.A. 2023-232-1,2,3,4 (Oncoclinicas)",https://www.fitchratings.com/entity/true-securitizadora-sa2023-1-2-3-4-oncoclinicas-97544828
2026-09-25,"Opea Securitizadora S.A. 2022-54-1,2,3 (Oncoclinicas)",https://www.fitchratings.com/entity/true-securitizadora-2022-1-2-3-oncoclinicas-97419631
2026-09-25,BRB - Banco de Brasilia S.A.,https://www.fitchratings.com/entity/brb-banco-de-brasilia-sa-93215290
2026-09-25,Eurofarma Laboratorios S.A.,https://www.fitchratings.com/entity/eurofarma-laboratorios-sa-96581229
2026-09-25,Hospital Mater Dei SA,https://www.fitchratings.com/entity/hospital-mater-dei-sa-97281888
2026-09-25,Plural Gestao de Recursos Ltda.,https://www.fitchratings.com/entity/brasil-plural-gestao-de-recursos-ltda-91932293
2026-09-25,Plural Investimentos Gestao de Recursos Ltda.,https://www.fitchratings.com/entity/plural-investimentos-gestao-de-recursos-ltda-96827685
2026-09-25,Empreendimentos Pague Menos S.A.,https://www.fitchratings.com/entity/empreendimentos-pague-menos-sa-91480690
2026-09-25,Fundo de Investimento em Direitos Creditorios Fortbrasil,https://www.fitchratings.com/entity/fidc-fortbrasil-96584612
2026-09-25,Bradseg Participacoes S.A.,https://www.fitchratings.com/entity/bradseg-participacoes-sa-97341773
2026-09-25,Oncoclinicas do Brasil Servicos Medicos S.A.,https://www.fitchratings.com/entity/oncoclinicas-do-brasil-servicos-medicos-sa-97385347
2026-09-25,Cooperativa de Economia e Credito Mutuo dos Medicos de Porto Alegre Ltda. - Unicred Porto Alegre,https://www.fitchratings.com/entity/cooperativa-de-economia-e-credito-mutuo-dos-medicos-de-porto-alegre-ltda-unicred-porto-alegre-97402946
2026-09-25,Cooperativa De Credito Unicred Valor Capital Ltda - Unicred Valor Capital,https://www.fitchratings.com/entity/cooperativa-de-credito-unicred-da-grande-florianopolis-ltda-unicred-florianopolis-96855758
2026-09-25,Cooperativa de Credito Unicred do Estado de Sao Paulo Ltda,https://www.fitchratings.com/entity/cooperativa-de-econ-e-cred-mutuo-dos-medicos-e-demais-profissionais-da-area-de-saude-do-estado-de-sao-paulo-ltda-unicred-do-estado-de-sao-paulo-97419789
2026-09-25,Cooperativa de Credito Unicred Centro-Sul Ltda. - Unicred Centro-Sul,https://www.fitchratings.com/entity/cooperativa-de-credito-unicred-sul-catarinense-ltda-unicred-sul-catarinense-96856408
2026-09-25,Cooperativa de Credito Unicred Uniao Ltda - Unicred Uniao,https://www.fitchratings.com/entity/cooperativa-de-credito-unicred-uniao-ltda-unicred-uniao-96855738
2026-09-25,"Cooperativa de Credito dos Medicos, Profissionais da Saude e Empresarios - Unicred Raizes",https://www.fitchratings.com/entity/cooperativa-de-credito-dos-medicos-profissionais-da-saude-e-empresarios-de-mato-grosso-96722694
2026-09-25,Kora Saude Participacoes S.A.,https://www.fitchratings.com/entity/kora-saude-participacoes-sa-97357794
2026-09-25,Companhia de Saneamento de Minas Gerais COPASA MG,https://www.fitchratings.com/entity/companhia-de-saneamento-de-minas-gerais-copasa-94017690
2026-09-25,CMPC Celulose Riograndense Ltda,https://www.fitchratings.com/entity/cmpc-celulose-riograndense-ltda-97326111
2026-09-25,iCred INSS FIDC RL,https://www.fitchratings.com/entity/icred-inss-fidc-rl-97675090
2026-09-25,Impar Servicos Hospitalares S.A.,https://www.fitchratings.com/entity/impar-servicos-hospitalares-sa-96827709
2026-09-25,Tegma Gestao Logistica S.A.,https://www.fitchratings.com/entity/tegma-gestao-logistica-sa-96789056
2026-09-25,Diagnosticos da America S.A.,https://www.fitchratings.com/entity/diagnosticos-da-america-sa-dasa-86681525
2026-09-25,"Sergipe, State of",https://www.fitchratings.com/entity/sergipe-state-of-94875890
2026-09-25,Fundacao Petrobras de Seguridade Social - Petros,https://www.fitchratings.com/entity/fundacao-petrobras-de-seguridade-social-petros-97346837
2026-09-25,BRF S.A.,https://www.fitchratings.com/entity/brf-sa-90455677
2026-09-25,Marfrig Global Foods S.A.,https://www.fitchratings.com/entity/marfrig-global-foods-sa-87227374
2026-09-25,Cimed & Co. S.A.,https://www.fitchratings.com/entity/cimed-co-sa-97629249
2026-09-25,Petroleo Brasileiro S.A. (Petrobras),https://www.fitchratings.com/entity/petroleo-brasileiro-sa-petrobras-80090802
2026-09-25,Klabin S.A.,https://www.fitchratings.com/entity/klabin-sa-90196280
2026-09-25,"Opea Securitizadora S.A. 2019-2-1,2 (Raizen)",https://www.fitchratings.com/entity/opea-securitizadora-sa-2019-1-2-raizen-97435591
2026-09-25,"Opea Securitizadora S.A. 2022-38-1,2 (Raizen)",https://www.fitchratings.com/entity/true-securitizadora-2020-1-2-raizen-97418731
2026-09-25,"Opea Securitizadora S.A. 2023-73-1,2,3 (Raizen)",https://www.fitchratings.com/entity/true-securitizadora-2023-1-2-3-raizen-97538580
2026-09-25,"Opea Securitizadora S.A. 2019-6-1,2 (Raizen)",https://www.fitchratings.com/entity/true-securitizadora-series-2019-1-2-raizen-96774362
2026-09-25,"Opea Securitizadora S.A. 2020-10-1,2 (Raizen)",https://www.fitchratings.com/entity/true-securitizadora-2020-1-2-raizen-96972514
2026-09-25,BTG Pactual Asset Management DTVM S.A.,https://www.fitchratings.com/entity/btg-pactual-asset-management-dtvm-sa-90404869
2026-09-25,Banco Daycoval S.A.,https://www.fitchratings.com/entity/banco-daycoval-sa-80543450
2026-09-25,Banco Industrial do Brasil S.A.,https://www.fitchratings.com/entity/banco-industrial-do-brasil-sa-80543456
2026-09-25,Banco Sofisa S.A.,https://www.fitchratings.com/entity/banco-sofisa-sa-80480839
2026-09-25,Grupo Salta Educacao S/A,https://www.fitchratings.com/entity/grupo-salta-educacao-s-a-97555197
2026-09-25,"Riza Securitizadora 2023-80-1,2 (CBD)",https://www.fitchratings.com/entity/virgo-cia-de-securitizacao-2023-1-2-cbd-97461877
2026-09-25,"MagaluPay - Sociedade de Credito, Financiamento e Investimento S.A.",https://www.fitchratings.com/entity/magalupay-sociedade-de-credito-financiamento-e-investimento-sa-97825456
2026-09-25,Aeris Industria e Comercio de Equipamentos para Geracao de Energia S.A.,https://www.fitchratings.com/entity/aeris-industria-e-comercio-de-equipamentos-para-geracao-de-energia-sa-97108213
2026-09-25,Patria INFRA Credito I Fundo de Investimento EM Direitos Creditorios,https://www.fitchratings.com/entity/patria-infra-credito-i-fundo-de-investimento-em-direitos-creditorios-97432402
2026-09-25,FIDC Tramontina I,https://www.fitchratings.com/entity/fundo-de-investimento-em-direitos-creditorios-tramontina-i-97277721
2026-09-25,Copobras S.A. Industria e Comercio de Embalagens,https://www.fitchratings.com/entity/copobras-s-a-industria-e-comercio-de-embalagens-97199208
2026-09-25,Raizen Energia S.A.,https://www.fitchratings.com/entity/raizen-energia-s-a-91300896
2026-09-25,Raizen S.A.,https://www.fitchratings.com/entity/raizen-combustiveis-sa-91300899
2026-09-25,Minerva FIDC II - Credito Mercantil Responsabilidade Limitada,https://www.fitchratings.com/entity/minerva-fidc-ii-credito-mercantil-responsabilidade-limitada-97725378
2026-09-25,Companhia Brasileira de Distribuicao S.A. (CBD),https://www.fitchratings.com/entity/companhia-brasileira-de-distribuicao-sa-cbd-80438369
2026-09-25,Suzano S.A.,https://www.fitchratings.com/entity/suzano-sa-80092054
2026-09-25,Companhia de Saneamento Basico do Estado de Sao Paulo (SABESP),https://www.fitchratings.com/entity/companhia-de-saneamento-basico-do-estado-de-sao-paulo-sabesp-80614473
2026-09-25,Serena Desenvolvimento S.A.,https://www.fitchratings.com/entity/omega-desenvolvimento-sa-97437998
2026-09-25,Serena Geracao S.A.,https://www.fitchratings.com/entity/omega-geracao-sa-96480320
2026-09-25,J. Macedo S.A.,https://www.fitchratings.com/entity/j-macedo-sa-96481693
2026-09-25,"Vert Cia Securitizadora 2026-36-1,2,3,4,5 (J&F)",https://www.fitchratings.com/entity/vert-cia-securitizadora-2026-36-1-2-3-4-5-j-f-97860304
2026-09-25,Caixa Economica Federal,https://www.fitchratings.com/entity/caixa-economica-federal-80092109
2026-09-25,Banco da Amazonia S.A.,https://www.fitchratings.com/entity/banco-da-amazonia-sa-80543406
2026-09-25,Banco do Nordeste do Brasil S.A.,https://www.fitchratings.com/entity/banco-do-nordeste-do-brasil-sa-80092110
2026-09-25,Banco Nacional de Desenvolvimento Economico e Social (BNDES),https://www.fitchratings.com/entity/banco-nacional-de-desenvolvimento-economico-e-social-bndes-80089767
2026-09-25,MRS Logistica S.A.,https://www.fitchratings.com/entity/mrs-logistica-sa-mrs-80091464
2026-09-25,Unidas Locacoes E Servicos S/A,https://www.fitchratings.com/entity/ouro-verde-locacao-e-servico-sa-88650059
2026-09-25,Cruzeiro do Sul Educacional SA,https://www.fitchratings.com/entity/cruzeiro-do-sul-educacional-sa-97709589
2026-09-25,Althaia S.A. Industria Farmaceutica,https://www.fitchratings.com/entity/althaia-sa-industria-farmaceutica-97666556
2026-09-25,Vale S.A.,https://www.fitchratings.com/entity/vale-sa-80090452
2026-09-25,Transmissora Alianca de Energia Eletrica S.A.,https://www.fitchratings.com/entity/transmissora-alianca-de-energia-eletrica-sa-90901890
2026-09-25,Alupar Investimento S.A.,https://www.fitchratings.com/entity/alupar-investimento-sa-86661526
2026-09-25,Dexco S.A.,https://www.fitchratings.com/entity/duratex-sa-80614501
2026-09-25,Oceanica Engenharia e Consultoria S.A.,https://www.fitchratings.com/entity/oceanica-engenharia-e-consultoria-sa-97617499
2026-09-25,PRIO S.A.,https://www.fitchratings.com/entity/petro-rio-sa-97010821
2026-09-25,"Opea Securitizadora S.A. 2015-1-123,124",https://www.fitchratings.com/entity/rb-capital-cia-de-securitizacao-2015-123-97171205
2026-09-25,"Opea Securitizadora S.A. 2019-1-208,209 (Rede D'Or)",https://www.fitchratings.com/entity/rb-capital-companhia-de-securitizacao-2019-208-209-rede-d-or-96786355
2026-09-25,Ache Laboratorios Farmaceuticos S.A.,https://www.fitchratings.com/entity/ache-laboratorios-farmaceuticos-sa-90982911
2026-09-25,Tupy S.A.,https://www.fitchratings.com/entity/tupy-sa-94298109
2026-09-25,Nova Securitisation S.A.R.L.,https://www.fitchratings.com/entity/nova-securitisation-sarl-97848895
2026-09-25,EMAE - Empresa Metropolitana de Aguas e Energia S.A.,https://www.fitchratings.com/entity/emae-empresa-metropolitana-de-aguas-e-energia-sa-97685292
2026-09-25,VPorts Autoridade Portuaria S.A.,https://www.fitchratings.com/entity/vports-autoridade-portuaria-sa-97598385
2026-09-25,Let's Rent a Car S.A.,https://www.fitchratings.com/entity/let-rent-car-sa-97516487
2026-09-25,VIX Logistica S.A.,https://www.fitchratings.com/entity/vix-logistica-sa-96174956
2026-09-25,Companhia de Gas da Bahia - Bahiagas,https://www.fitchratings.com/entity/companhia-de-gas-da-bahia-bahiagas-96617901
2026-09-25,J&F S.A.,https://www.fitchratings.com/entity/j-f-sa-91849894
2026-09-25,Patria Credito Estruturado FIDC,https://www.fitchratings.com/entity/patria-credito-estruturado-fundo-de-investimento-em-direitos-creditorios-96471866
2026-09-25,Reag Asset Management Ltda.,https://www.fitchratings.com/entity/reag-gestora-de-recursos-ltda-96552069
2026-09-25,Elekeiroz S/A,https://www.fitchratings.com/entity/elekeiroz-s-a-97577951
2026-09-25,Pneucash FIDC,https://www.fitchratings.com/entity/pneucash-fidc-97689835
2026-09-25,FIDC BB Votorantim Highland Infraestrutura RL,https://www.fitchratings.com/entity/fundo-de-investimento-em-direitos-creditorios-bb-votorantim-highland-infraestrutura-93034891
2026-09-25,Automotivo FIDC (GM),https://www.fitchratings.com/entity/automotivo-fidc-96708595
2026-09-25,"Kanastra Securitizadora 2024-1-1,2,3,4,5 (Solfacil)",https://www.fitchratings.com/entity/kanastra-securtitzadora-2024-1-1-2-3-4-5-solfacil-97530370
2026-09-25,IS Green Solfacil III FIDC,https://www.fitchratings.com/entity/green-solfacil-iii-fundo-de-investimento-em-direitos-creditorios-97346867
2026-09-25,Sicredi Asset Management,https://www.fitchratings.com/entity/sicredi-asset-management-96720179
2026-09-25,RC Holding S.A.,https://www.fitchratings.com/entity/reag-capital-holding-sa-97502100
2026-09-25,BRK Ambiental Participacoes S.A.,https://www.fitchratings.com/entity/brk-ambiental-participacoes-sa-96495926
2026-09-25,Guararapes Confeccoes S.A.,https://www.fitchratings.com/entity/guararapes-confeccoes-sa-95232490
2026-09-25,Municipality of Niteroi,https://www.fitchratings.com/entity/municipality-of-niteroi-96700906
2026-09-25,Trademaster III FIDC Recebiveis Comerciais - Responsabilidade Limitada,https://www.fitchratings.com/entity/trademaster-iii-fidc-recebiveis-comerciais-responsabilidade-limitada-97577793
2026-09-25,TECP - Transmissora de Energia Central Paulistana S.A.,https://www.fitchratings.com/entity/tecp-transmissora-de-energia-central-paulistana-sa-97814493
2026-09-25,PBG S/A,https://www.fitchratings.com/entity/pbg-s-a-97027261
2026-09-25,Opea Securitizadora S.A. 2025-488-1 (Assai),https://www.fitchratings.com/entity/opea-securitizadora-sa-2025-488-1-assai-97843290
2026-09-25,Bradespar S.A.,https://www.fitchratings.com/entity/bradespar-sa-87072170
2026-09-25,ER 2030 FIDC,https://www.fitchratings.com/entity/er-2030-fidc-97792932
2026-09-25,AETE - Amazonia Empresa Transmissora de Energia S.A.,https://www.fitchratings.com/entity/aete-amazonia-empresa-transmissora-de-energia-sa-97129815
2026-09-25,Foz do Rio Claro Energia S.A.,https://www.fitchratings.com/entity/foz-do-rio-claro-energia-sa-97281038
2026-09-25,BNP Paribas Asset Management Brasil Ltda.,https://www.fitchratings.com/entity/bnp-paribas-asset-management-brasil-ltda-95356890
2026-09-25,Tucano Holding III S.A.,https://www.fitchratings.com/entity/tucano-holdings-iii-sa-97282626
2026-09-25,Fisia Comercio de Produtos Esportivos S.A.,https://www.fitchratings.com/entity/fisia-comercio-de-produtos-esportivos-sa-97462128
2026-09-25,SBF Comercio de Produtos Esportivos S.A.,https://www.fitchratings.com/entity/sbf-comercio-de-produtos-esportivos-sa-97028200
2026-09-25,Grupo SBF S.A.,https://www.fitchratings.com/entity/grupo-sbf-sa-96660728
2026-09-25,C&A Modas S.A.,https://www.fitchratings.com/entity/c-a-modas-sa-97131987
2026-09-25,Vinci Energia Sustentavel Fundo de Investimento em Direitos Creditorios,https://www.fitchratings.com/entity/vinci-energia-sustentavel-fundo-de-investimento-em-direitos-creditorios-96577741
2026-09-25,Vinci Credito Infra Institucional Fundo Incentivado de Investimento em Infraestrutura Renda Fixa,https://www.fitchratings.com/entity/vinci-credito-infra-institucional-fundo-incentivado-de-investimento-em-infraestrutura-renda-fixa-97432394
2026-09-25,"Portoseg S.A. - Credito, Financiamento e Investimento",https://www.fitchratings.com/entity/portoseg-sa-credito-financiamento-e-investimento-96477909
2026-09-25,Itu FIC FIDC,https://www.fitchratings.com/entity/itu-fundo-de-investimento-em-cotas-de-fundos-de-investimento-em-direitos-creditorios-95444290
2026-09-25,Estado de Alagoas,https://www.fitchratings.com/entity/estado-de-alagoas-97074243
2026-09-25,Investcred Fundo de Investimento em Direitos Creditorios,https://www.fitchratings.com/entity/investcred-fundo-de-investimento-em-direitos-creditorios-97418715
2026-09-25,Eco Securitizadora 2021-90-1 (Vix),https://www.fitchratings.com/entity/eco-securitizadora-2021-1-vix-97218621
2026-09-25,Athena Saude Brasil S.A.,https://www.fitchratings.com/entity/athena-saude-brasil-sa-97268134
2026-09-25,Hapvida Participacoes e Investimentos S.A.,https://www.fitchratings.com/entity/hapvida-participacoes-e-investimentos-sa-96783531
2026-09-25,"Opea Securitizadora S.A. 2018-1-188,189 (Rede D'Or)",https://www.fitchratings.com/entity/rb-capital-companhia-de-securitizacao-2018-188-rede-d-or-96647439
2026-09-25,BancoSeguro S.A.,https://www.fitchratings.com/entity/bancoseguro-sa-97320721
2026-09-25,BTG Pactual Holding S.A.,https://www.fitchratings.com/entity/btg-pactual-holding-sa-92310290
2026-09-25,Banco BTG Pactual S.A.,https://www.fitchratings.com/entity/banco-btg-pactual-sa-80543465
2026-09-25,Itau Unibanco S.A.,https://www.fitchratings.com/entity/itau-unibanco-sa-80089723
2026-09-25,Itau Unibanco Holding S.A.,https://www.fitchratings.com/entity/itau-unibanco-holding-sa-80609415
2026-09-25,Banco Bradesco S.A.,https://www.fitchratings.com/entity/banco-bradesco-sa-80089720
2026-09-25,Banco do Brasil S.A.,https://www.fitchratings.com/entity/banco-do-brasil-sa-80089721
2026-09-25,TOTVS S.A.,https://www.fitchratings.com/entity/totvs-sa-96738486
2026-09-25,Grupo Fartura de Hortifrut S.A.,https://www.fitchratings.com/entity/grupo-fartura-de-hortifrut-sa-97263297
2026-09-25,Nova Transportadora do Sudeste S.A. - NTS,https://www.fitchratings.com/entity/nova-transportadora-do-sudeste-sa-nts-96606450
2026-09-25,Verene Transmissao Subholding S.A.,https://www.fitchratings.com/entity/equatorial-transmissao-sa-97153792
2026-09-25,Unipar Carbocloro S.A.,https://www.fitchratings.com/entity/unipar-carbocloro-sa-96594045
2026-09-25,"B3 S.A. Brasil, Bolsa, Balcao",https://www.fitchratings.com/entity/b3-sa-brasil-bolsa-balcao-97156065
2026-09-25,Lar Cooperativa Agroindustrial,https://www.fitchratings.com/entity/lar-cooperativa-agroindustrial-97224267
2026-09-25,Saneamento de Goias S.A. (Saneago),https://www.fitchratings.com/entity/saneamento-de-goias-sa-saneago-80361245
2026-09-25,"Opea Securitizadora S.A. 2023-193-1,2,3,4 (Movida)",https://www.fitchratings.com/entity/opea-securitizadora-sa-2023-193-1-2-3-movida-97536835
2026-09-25,"Brazilian Securities 2013-1-302,303,304 (Petrobras)",https://www.fitchratings.com/entity/brazilian-securities-2013-302-303-304-petrobras-97435578
2026-09-25,"Opea Securitizadora S.A. 2011-1-85,86,87 (Petrobras)",https://www.fitchratings.com/entity/opea-securitizadora-sa-2011-85-86-87-petrobras-97396683
2026-09-25,GSH Corp Participacoes S.A.,https://www.fitchratings.com/entity/gsh-corp-participacoes-sa-97344983
2026-09-25,Ser Educacional S.A.,https://www.fitchratings.com/entity/ser-educacional-sa-96163650
2026-09-25,Vertera Holding S.A.,https://www.fitchratings.com/entity/vertera-holding-sa-97587318
2026-09-25,Origem Energia S.A,https://www.fitchratings.com/entity/origem-energia-sa-97554715
2026-09-25,Banco Andbank (Brasil) S.A.,https://www.fitchratings.com/entity/banco-andbank-brasil-sa-97051967
2026-09-25,Opea Securitizadora S.A. 2012-1-100 (Vibra Energia),https://www.fitchratings.com/entity/opea-securitizadora-sa-2012-99-100-vibra-energia-97396685
2026-09-25,Banco Master S.A.,https://www.fitchratings.com/entity/banco-master-sa-97092715
2026-09-25,Sicoob Distribuidora de Titulos e Valores Mobiliarios Ltda.,https://www.fitchratings.com/entity/bancoob-distribuidora-de-titulos-e-valores-mobiliarios-ltda-94430690
2026-09-25,"Eco Securitizadora 2019-12-1,2 (JSL)",https://www.fitchratings.com/entity/eco-securitizadora-de-direitos-creditorios-do-agronegocio-2019-1-2-jsl-96782054
2026-09-25,Opea Securitizadora S.A. 2020-1-212 (Grupo Mateus),https://www.fitchratings.com/entity/true-securitizadora-2020-212-grupo-mateus-96845855
2026-09-25,Prio Forte S.A.,https://www.fitchratings.com/entity/prio-forte-sa-97708380
2026-09-25,Opea Securitizadora S.A. 2016-1-73 (Vale),https://www.fitchratings.com/entity/true-securitizadora-sa-96336235
2026-09-25,Bradesco Asset Management,https://www.fitchratings.com/entity/bram-bradesco-asset-management-sa-distribuidora-de-titulos-e-valores-mobiliarios-96509631
2026-09-25,Motiva Infraestrutura de Mobilidade S.A.,https://www.fitchratings.com/entity/ccr-sa-80614467
2026-09-25,Igua Saneamento S.A.,https://www.fitchratings.com/entity/igua-saneamento-sa-92892096
2026-09-25,Itausa S.A.,https://www.fitchratings.com/entity/itausa-sa-97407242
2026-09-25,Companhia de Agua e Esgoto do Ceara - CAGECE,https://www.fitchratings.com/entity/companhia-de-agua-e-esgoto-do-ceara-cagece-97073066
2026-09-25,"Mercado Credito Sociedade de Credito, Financiamento e Investimento S.A.",https://www.fitchratings.com/entity/mercado-credito-sociedade-de-credito-financiamento-e-investimento-sa-97173030
2026-09-25,Mercado Pago Instituicao de Pagamento Ltda.,https://www.fitchratings.com/entity/mercadopagocom-representacoes-ltda-97074397
2026-09-25,Brazilian Securities 2011-269,https://www.fitchratings.com/entity/brazilian-securities-2011-269-97160436
2026-09-25,Brazilian Securities 2011-235,https://www.fitchratings.com/entity/brazilian-securities-2011-235-97160427
2026-09-25,Centrais Eletricas de Santa Catarina S.A.,https://www.fitchratings.com/entity/centrais-eletricas-de-santa-catarina-sa-88576124
2026-09-25,Celesc Distribuicao S.A,https://www.fitchratings.com/entity/celesc-distribuicao-sa-90866490
2026-09-25,Celesc Geracao S.A.,https://www.fitchratings.com/entity/celesc-geracao-sa-96258686
2026-09-25,Veste S.A. Estilo,https://www.fitchratings.com/entity/restoque-comercio-e-confeccoes-de-roupas-sa-93935490
2026-09-25,CPX Distribuidora S.A.,https://www.fitchratings.com/entity/cpx-distribuidora-sa-97294988
2026-09-25,CP Comercial S.A.,https://www.fitchratings.com/entity/cp-comercial-sa-97294985
2026-09-25,ITR Comercio de Pneus e Pecas S.A.,https://www.fitchratings.com/entity/itr-comercio-de-pneus-e-pecas-sa-97295033
2026-09-25,MercadoLivre.com Atividades de Internet Ltda.,https://www.fitchratings.com/entity/mercadolivrecom-atividades-de-internet-ltda-97074420
2026-09-25,Banco Cooperativo Sicredi S.A.,https://www.fitchratings.com/entity/banco-cooperativo-sicredi-sa-93581090
2026-09-25,Companhia de Aguas e Esgotos do Rio Grande do Norte,https://www.fitchratings.com/entity/companhia-de-aguas-e-esgotos-do-rio-grande-do-norte-97435040
2026-09-25,Banco Rendimento S.A.,https://www.fitchratings.com/entity/banco-rendimento-sa-80543471
2026-09-25,Vitru Educacao S.A.,https://www.fitchratings.com/entity/vitru-brasil-empreendimentos-participacoes-e-comercio-sa-97548344
2026-09-25,"Parana, State of",https://www.fitchratings.com/entity/parana-state-of-91781290
2026-09-25,Fundo de Investimento em Direitos Creditorios Tamandare,https://www.fitchratings.com/entity/fundo-de-investimento-em-direitos-creditorios-tamandare-97173811
2026-09-25,Acucareira Quata S.A.,https://www.fitchratings.com/entity/acucareira-quata-sa-96624023
2026-09-25,BB Gestao de Recursos - Distribuidora de Titulos e Valores Mobiliarios S.A.,https://www.fitchratings.com/entity/bb-gestao-de-recursos-distribuidora-de-titulos-e-valores-mobiliarios-sa-96221299
2026-09-25,"Opea Securitizadora S.A. 2023-187-1,2,3,4 (JSL)",https://www.fitchratings.com/entity/opea-securitizadora-sa-2023-1-2-3-4-jsl-97527566
2026-09-25,ESSENTIA PCHs S.A.,https://www.fitchratings.com/entity/contour-global-do-brasil-participacoes-sa-96630805
2026-09-25,Opea Securitizadora S.A. 2018-157 (Rede D'Or),https://www.fitchratings.com/entity/rb-capital-companhia-de-securitizazco-2018-157-rede-d-or-96786349
2026-09-25,General Shopping Finance Limited (GSF),https://www.fitchratings.com/entity/general-shopping-finance-limited-gsf-89880061
2026-09-25,General Shopping Investment Limited,https://www.fitchratings.com/entity/general-shopping-investment-limited-90748293
2026-09-25,Sobral I Solar Energia SPE S.A.,https://www.fitchratings.com/entity/sobral-i-solar-energia-spe-sa-96682699
2026-09-25,Sertao I Solar Energia Spe S.A.,https://www.fitchratings.com/entity/sertao-i-solar-energia-spe-sa-96682692
2026-09-25,Rialma Transmissora de Energia V S.A,https://www.fitchratings.com/entity/rialma-transmissora-de-energia-v-sa-97616184
2026-09-25,Usina Termeletrica Pampa Sul S.A.,https://www.fitchratings.com/entity/usina-termeletrica-pampa-sul-sa-97037338
2026-09-25,Via Brasil MT 246 Concessionaria de Rodovias S.A.,https://www.fitchratings.com/entity/via-brasil-mt-246-concessionaria-de-rodovias-sa-97572155
2026-09-25,Concessionaria da Rodovia MS 306 S.A.,https://www.fitchratings.com/entity/concessionaria-da-rodovia-ms-306-sa-97115282
2026-09-25,Rota do Para S.A,https://www.fitchratings.com/entity/rota-do-para-sa-97616894
2026-09-25,Concessionaria Rodovias do Cafe SPE S.A.,https://www.fitchratings.com/entity/concessionaria-rodovias-do-cafe-spe-sa-97680266
2026-09-25,EPR Iguacu S.A.,https://www.fitchratings.com/entity/epr-iguacu-sa-97883966
2026-09-25,Mirante Energetica S.A.,https://www.fitchratings.com/entity/mirante-energetica-sa-97631890
2026-09-25,Athon Geracao Distribuida S/A,https://www.fitchratings.com/entity/athon-geracao-distribuida-s-a-97623839
2026-09-25,Atlas Luiz Carlos Comercializadora de Energia S.A,https://www.fitchratings.com/entity/atlas-luiz-carlos-comercializadora-de-energia-sa-97621684
2026-09-25,TGR Subholding 4 S.A.,https://www.fitchratings.com/entity/tgr-subholding-4-sa-97878620
2026-09-25,SPAR I Subholding S.A.,https://www.fitchratings.com/entity/spar-i-subholding-sa-97877323
2026-09-25,Suno Energias Limpas Projetos Maduros S.A,https://www.fitchratings.com/entity/suno-energias-limpas-projetos-maduros-sa-97853010
2026-09-25,MEZ 3 Energia S.A.,https://www.fitchratings.com/entity/mez-3-energia-sa-97510966
2026-09-25,Sao Gabriel Saneamento S.A,https://www.fitchratings.com/entity/sao-gabriel-saneamento-sa-97558876
2026-09-25,Novo Norte Aeroportos S.A,https://www.fitchratings.com/entity/novo-norte-aeroportos-sa-97559545
2026-09-25,Agua Vermelha Transmissora de Energia S.A,https://www.fitchratings.com/entity/agua-vermelha-transmissora-de-energia-sa-97452675
2026-09-25,Marlim Azul Energia SA,https://www.fitchratings.com/entity/marlim-azul-energia-sa-97543758
2026-09-25,PGE - GUARAU GERADORA DE ENERGIA S.A.,https://www.fitchratings.com/entity/pge-guarau-geradora-de-energia-sa-97540663
2026-09-25,EPR Sul de Minas S.A.,https://www.fitchratings.com/entity/concessionaria-rodovias-do-sul-de-minas-spe-sa-97597234
2026-09-25,Concessionaria do Bloco Central S.A.,https://www.fitchratings.com/entity/concessionaria-do-bloco-central-sa-97545415
2026-09-25,CRI Bari Securitizadora 2022 - 11 (PGE Cascata),https://www.fitchratings.com/entity/cri-bari-securitizadora-2022-11-pge-cascata-97676882
2026-09-25,GDPAR SR Participacoes em Projetos Solares S.A.,https://www.fitchratings.com/entity/gdpar-sr-participacoes-em-projetos-solares-sa-97543495
2026-09-25,Athon Geracao Distribuida III S.A.,https://www.fitchratings.com/entity/athon-geracao-distribuida-iii-sa-97646856
2026-09-25,Assurua 4 e 5 Holding Energia S.A.,https://www.fitchratings.com/entity/assurua-5-energia-sa-97573719
2026-09-25,UTE Gna II Geracao de Energia S.A.,https://www.fitchratings.com/entity/ute-gna-ii-geracao-de-energia-sa-97588044
2026-09-25,HRZ Transmissao e Participacoes S.A,https://www.fitchratings.com/entity/hrz-transmissao-e-participacoes-sa-97591973
2026-09-25,Faro Energy Projetos Solares Holding IV S.A.,https://www.fitchratings.com/entity/faro-energy-projetos-solares-holding-iv-sa-97664304
2026-09-25,SRBT Subholding S.A.,https://www.fitchratings.com/entity/srbt-subholding-sa-97824540
2026-09-25,EPR Litoral Pioneiro S.A.,https://www.fitchratings.com/entity/epr-litoral-pioneiro-sa-97749076
2026-09-25,Athon Geracao Distribuida VI S.A.,https://www.fitchratings.com/entity/athon-geracao-distribuida-vi-sa-97739854
2026-09-25,Winity S.A.,https://www.fitchratings.com/entity/winity-sa-97772836
2026-09-25,Paraty G.D. S.A.,https://www.fitchratings.com/entity/paraty-gd-sa-97799844
2026-09-25,Gy Energy Holding III S.A.,https://www.fitchratings.com/entity/gy-energy-holding-iii-sa-97658467
2026-09-25,Oi Movel S.A.,https://www.fitchratings.com/entity/oi-movel-sa-97265603
2026-09-25,Concessao Metroviaria do Rio de Janeiro S.A. - MetroRio,https://www.fitchratings.com/entity/concessao-metroviaria-do-rio-de-janeiro-sa-metrorio-91062690
2026-09-25,Ferreira Gomes Energia S.A.,https://www.fitchratings.com/entity/ferreira-gomes-energia-sa-91842691
2026-09-25,Concessionaria do Aeroporto Internacional de Guarulhos SA,https://www.fitchratings.com/entity/concessionaria-do-aeroporto-internacional-de-guarulhos-sa-91824291
2026-09-25,Sul America Companhia de Seguro Saude,https://www.fitchratings.com/entity/sul-america-companhia-de-seguro-saude-97288459
2026-09-25,Aquapolo Ambiental S.A.,https://www.fitchratings.com/entity/aquapolo-ambiental-sa-89478661
2026-09-25,BRK Ambiental Manso S.A.,https://www.fitchratings.com/entity/brk-ambiental-manso-sa-94377892
2026-09-25,Geometrica Par Investimentos S.A.,https://www.fitchratings.com/entity/prumo-participacoes-e-investimentos-s-a-96158821
2026-09-25,Ecorodovias Concessoes e Servicos S.A.,https://www.fitchratings.com/entity/ecorodovias-concessoes-e-servicos-sa-96637229
2026-09-25,Voltalia Sao Miguel do Gostoso Participacoes S.A.,https://www.fitchratings.com/entity/voltalia-sao-miguel-do-gostoso-participacoes-sa-96150572
2026-09-25,Ventos de Sao Tito Holding S.A.,https://www.fitchratings.com/entity/ventos-de-sao-tito-holding-sa-96203309
2026-09-25,Ventos de Sao Clemente Holding S.A.,https://www.fitchratings.com/entity/ventos-de-sao-clemente-holding-sa-96215360
2026-09-25,Paranaiba Transmissora de Energia S.A.,https://www.fitchratings.com/entity/paranaiba-transmissora-de-energia-sa-96333699
2026-09-25,Enel Green Power Manicoba Eolica S.A.,https://www.fitchratings.com/entity/enel-green-power-manicoba-eolica-sa-96386802
2026-09-25,Aeroportos Brasil Viracopos S.A.,https://www.fitchratings.com/entity/aeroportos-brasil-viracopos-sa-91565490
2026-09-25,Guaraciaba Transmissora de Energia (TP Sul) S.A.,https://www.fitchratings.com/entity/guaraciaba-transmissora-de-energia-tp-sul-sa-96573863
2026-09-25,Ventos de Santo Estevao Holding S.A.,https://www.fitchratings.com/entity/ventos-de-santo-estevao-holding-sa-96568227
2026-09-25,Concessionaria Rota das Bandeiras S.A.,https://www.fitchratings.com/entity/concessionaria-rota-das-bandeiras-sa-91868491
2026-09-25,Argo V Transmissao de Energia S.A.,https://www.fitchratings.com/entity/odoya-transmissora-de-energia-sa-96546310
2026-09-25,Santo Antonio Energia S.A.,https://www.fitchratings.com/entity/santo-antonio-energia-sa-91718290
2026-09-25,Tiete Eolica S.A.,https://www.fitchratings.com/entity/aes-tiete-eolica-sa-95442890
2026-09-25,Ventos de Sao Tome Holding S.A.,https://www.fitchratings.com/entity/ventos-de-sao-tome-holding-sa-95253890
2026-09-25,Copacabana Geracao de Energia e Participacoes S.A.,https://www.fitchratings.com/entity/copacabana-geracao-de-energia-e-participacoes-sa-96609843
2026-09-25,Pirapora Solar Holding S.A.,https://www.fitchratings.com/entity/pirapora-solar-holding-sa-96601674
2026-09-25,Sao Roque Energetica S.A.,https://www.fitchratings.com/entity/sao-roque-energetica-sa-97433578
2026-09-25,Transmissora Jose Maria de Macedo de Eletricidade S.A.,https://www.fitchratings.com/entity/transmissora-jose-maria-de-macedo-de-eletricidade-sa-96635611
2026-09-25,Companhia Energetica Sinop S.A.,https://www.fitchratings.com/entity/companhia-energetica-sinop-sa-96152663
2026-09-25,Linhas de Taubate Transmissora de Energia S.A.,https://www.fitchratings.com/entity/linhas-de-taubate-transmissora-de-energia-sa-95105090
2026-09-25,Empresa de Energia Cachoeira Caldeirao S.A.,https://www.fitchratings.com/entity/empresa-de-energia-cachoeira-caldeirao-sa-95535290
2026-09-25,Complexo Morrinhos Energias Renovaveis S.A.,https://www.fitchratings.com/entity/complexo-morrinhos-energias-renovaveis-sa-96183875
2026-09-25,VDB F2 Geracao de Energia S.A.,https://www.fitchratings.com/entity/vdb-f2-geracao-de-energia-sa-96763362
2026-09-25,Eolica Serra das Vacas Holding S.A.,https://www.fitchratings.com/entity/eolica-serra-das-vacas-holding-sa-96337693
2026-09-25,Serras Holding S.A.,https://www.fitchratings.com/entity/serras-holding-sa-96362577
2026-09-25,Empresa Sudeste de Transmissao de Energia S.A.,https://www.fitchratings.com/entity/empresa-sudeste-de-transmissao-de-energia-sa-96858544
2026-09-25,ViaRondon Concessionaria de Rodovia S.A.,https://www.fitchratings.com/entity/viarondon-concessionaria-de-rodovia-sa-96366671
2026-09-25,Matrincha Transmissora de Energia (TP Norte) S.A.,https://www.fitchratings.com/entity/matrincha-transmissora-de-energia-tp-norte-sa-96276320
2026-09-25,Delta 2 Energia S.A.,https://www.fitchratings.com/entity/delta-2-energia-sa-96276236
2026-09-25,Itarema Geracao de Energia S.A.,https://www.fitchratings.com/entity/itarema-geracao-de-energia-sa-96274678
2026-09-25,Central Fotovoltaica Sao Pedro IV S.A.,https://www.fitchratings.com/entity/central-fotovoltaica-sao-pedro-iv-ltda-96836831
2026-09-25,Enel Green Power Damascena Eolica S.A.,https://www.fitchratings.com/entity/enel-green-power-damascena-eolica-sa-96386789
2026-09-25,SPE Transmissora de Energia Linha Verde II S.A.,https://www.fitchratings.com/entity/spe-transmissora-de-energia-linha-verde-ii-sa-96869351
2026-09-25,Ventos de Sao Jorge Holding S.A.,https://www.fitchratings.com/entity/ventos-de-sao-jorge-holding-sa-96358472
2026-09-25,Windepar Holding S.A.,https://www.fitchratings.com/entity/windepar-holding-sa-96416378
2026-09-25,Belo Monte Transmissora de Energia SPE S.A.,https://www.fitchratings.com/entity/belo-monte-transmissora-de-energia-spe-sa-96563152
2026-09-25,Parintins Amazonas Transmissora de Energia S.A.,https://www.fitchratings.com/entity/parintins-amazonas-transmissora-de-energia-sa-97071688
2026-09-25,Eolica Serra das Vacas Holding II S.A.,https://www.fitchratings.com/entity/eolica-serra-das-vacas-holding-ii-sa-96558619
2026-09-25,Argo VI Transmissao de Energia S.A.,https://www.fitchratings.com/entity/esperanza-transmissora-de-energia-sa-96549959
2026-09-25,Santa Vitoria do Palmar Energias Renovaveis S.A.,https://www.fitchratings.com/entity/santa-vitoria-do-palmar-energias-renovaveis-sa-96512668
2026-09-25,Delta 3 Energia S.A.,https://www.fitchratings.com/entity/omega-energia-e-implantacao-2-sa-96552474
2026-09-25,Cantareira Transmissora de Energia S.A.,https://www.fitchratings.com/entity/cantareira-transmissora-de-energia-sa-96581278
2026-09-25,Empresa de Energia Sao Manoel S.A.,https://www.fitchratings.com/entity/empresa-de-energia-sao-manoel-sa-96667132
2026-09-25,TESC -Terminal Santa Catarina S.A.,https://www.fitchratings.com/entity/tesc-terminal-santa-catarina-sa-97201281
2026-09-25,Cutia Empreendimentos Eolicos SA,https://www.fitchratings.com/entity/cutia-empreendimentos-eolicos-sa-96751593
2026-09-25,Argo Transmissao de Energia S.A.,https://www.fitchratings.com/entity/argo-transmissao-de-energia-sa-96643713
2026-09-25,EDTE -Empresa Diamantina de Transmissao de Energia S.A.,https://www.fitchratings.com/entity/edte-empresa-diamantina-de-transmissao-de-energia-sa-96723959
2026-09-25,ETB - Empresa de Transmissao Baiana SA,https://www.fitchratings.com/entity/etb-empresa-de-transmissao-baiana-sa-96726939
2026-09-25,Entrevias Concessionaria de Rodovias S.A.,https://www.fitchratings.com/entity/entrevias-concessionaria-de-rodovias-sa-96579400
2026-09-25,Alianca Transmissora de Energia S.A.,https://www.fitchratings.com/entity/edp-transmissao-alianca-sc-sa-96706287
2026-09-25,Solaris Transmissao de Energia S.A.,https://www.fitchratings.com/entity/solaris-transmissao-de-energia-sa-97273655
2026-09-25,Mata de Santa Genebra Transmissao S.A.,https://www.fitchratings.com/entity/mata-de-santa-genebra-transmissao-sa-96675404
2026-09-25,TPE - Transmissora Paraiso de Energia SA,https://www.fitchratings.com/entity/tpe-transmissora-paraiso-de-energia-sa-96698878
2026-09-25,Tibagi Energia SPE S.A.,https://www.fitchratings.com/entity/tibagi-energia-spe-sa-96795630
2026-09-25,AZUL Investments LLP,https://www.fitchratings.com/entity/azul-investments-llp-96664012
2026-09-25,Mez 5 Energia S.A.,https://www.fitchratings.com/entity/mez-5-energia-sa-97285153
2026-09-25,Concessionaria Ponte Rio-Niteroi S.A. - ECOPONTE,https://www.fitchratings.com/entity/concessionaria-ponte-rio-niteroi-sa-ecoponte-96735368
2026-09-25,TCC - Transmissora Caminho do Cafe S.A.,https://www.fitchratings.com/entity/tcc-transmissora-caminho-do-cafe-sa-96698895
2026-09-25,Arcoverde Transmissao de Energia S.A.,https://www.fitchratings.com/entity/arcoverde-transmissao-de-energia-sa-96798294
2026-09-25,TSM -Transmissora Serra da Mantiqueira S.A.,https://www.fitchratings.com/entity/tsm-transmissora-serra-da-mantiqueira-sa-96829712
2026-09-25,Totalenergies Dracena Participacoes S.A.,https://www.fitchratings.com/entity/eren-dracena-participacoes-sa-96799550
2026-09-25,Duratex Florestal Ltda.,https://www.fitchratings.com/entity/duratex-florestal-ltda-97810950
2026-09-25,Usiminas International S.a r.l.,https://www.fitchratings.com/entity/usiminas-international-sa-rl-96787973
2026-09-25,Ventos do Sul Energia S.A.,https://www.fitchratings.com/entity/ventos-do-sul-energia-sa-96780015
2026-09-25,SE Vineyards Transmissao de Energia S.A.,https://www.fitchratings.com/entity/se-vineyards-transmissao-de-energia-sa-96798394
2026-09-25,Pirapora II Solar Holding S.A.,https://www.fitchratings.com/entity/pirapora-ii-solar-holding-sa-96808655
2026-09-25,ECO050 - Concessionaria de Rodovias S.A.,https://www.fitchratings.com/entity/eco050-concessionaria-de-rodovias-sa-96896274
2026-09-25,Norte Energia S/A,https://www.fitchratings.com/entity/norte-energia-s-a-96811901
2026-09-25,Porto Primavera Transmissora de Energia S.A.,https://www.fitchratings.com/entity/porto-primavera-transmissora-de-energia-sa-96704406
2026-09-25,Concessionaria das Rodovias do Leste MS S.A.,https://www.fitchratings.com/entity/concessionaria-das-rodovias-do-leste-ms-sa-97540794
2026-09-25,Central Fotovoltaica Sao Pedro II S.A.,https://www.fitchratings.com/entity/central-fotovoltaica-sao-pedro-ii-ltda-96836823
2026-09-25,Concessionaria do Bloco Sul S.A.,https://www.fitchratings.com/entity/concessionaria-do-bloco-sul-sa-97545447
2026-09-25,Rincao dos Albinos Energetica S.A.,https://www.fitchratings.com/entity/rincao-dos-albinos-energetica-sa-97007196
2026-09-25,GUSAP III LP,https://www.fitchratings.com/entity/gusap-iii-lp-96836871
2026-09-25,Apollo 17 Participacoes S.A,https://www.fitchratings.com/entity/apollo-17-participacoes-sa-97115286
2026-09-25,Ambipar Lux S.a.r.l.,https://www.fitchratings.com/entity/ambipar-lux-sarl-97575992
2026-09-25,Serra do Serido F2 Holding S.A.,https://www.fitchratings.com/entity/serra-do-serido-f2-holding-sa-97582653
2026-09-25,Transmissora SP-MG S.A.,https://www.fitchratings.com/entity/edp-transmissao-sp-mg-sa-96784533
2026-09-25,GDS Subholding S.A.,https://www.fitchratings.com/entity/gds-subholding-sa-97636738
2026-09-25,MEZ 4 Energia S.A.,https://www.fitchratings.com/entity/mez-4-energia-sa-97510975
2026-09-25,Rincao Sao Miguel Energetica S.A.,https://www.fitchratings.com/entity/rincao-sao-miguel-energetica-sa-97007595
2026-09-25,Vila Piaui 2 Empreendimentos e Participacoes S.A.,https://www.fitchratings.com/entity/vila-piaui-2-empreendimentos-e-participacoes-sa-97005324
2026-09-25,Thopen Solar 07 S.A,https://www.fitchratings.com/entity/thopen-solar-07-sa-97699063
2026-09-25,Concessionaria Rodovias do Triangulo SPE S.A.,https://www.fitchratings.com/entity/concessionaria-rodovias-do-triangulo-spe-sa-97597242
2026-09-25,Vila Piaui 1 Empreendimentos e Participacoes S.A.,https://www.fitchratings.com/entity/vila-piaui-1-empreendimentos-e-participacoes-sa-97005316
2026-09-25,Serra de Ibiapaba Transmissora de Energia S.A.,https://www.fitchratings.com/entity/serra-de-ibiapaba-transmissora-de-energia-sa-97071673
2026-09-25,Tupi Energias Renovaveis S.A.,https://www.fitchratings.com/entity/tupi-energias-renovaveis-sa-97704811
2026-09-25,Serra do Mel Holding S.A.,https://www.fitchratings.com/entity/serra-do-mel-holding-sa-97125082
2026-09-25,IP Sul Concessionaria De Iluminacao Publica S.A.,https://www.fitchratings.com/entity/ip-sul-concessionaria-de-iluminacao-publica-sa-97101669
2026-09-25,TGR Subholding 7 S.A.,https://www.fitchratings.com/entity/tgr-subholding-7-sa-97783132
2026-09-25,Salto do Guassupi Energetica S.A.,https://www.fitchratings.com/entity/salto-do-guassupi-energetica-sa-97007185
2026-09-25,Athon Geracao Distribuida II S.A.,https://www.fitchratings.com/entity/athon-geracao-distribuida-ii-sa-97646848
2026-09-25,Quevedos Energetica S.A.,https://www.fitchratings.com/entity/quevedos-energetica-sa-97007608
2026-09-25,Gdpar Sn Participacoes Em Projetos Solares S.A.,https://www.fitchratings.com/entity/gdpar-sn-participacoes-em-projetos-solares-sa-97632989
2026-09-25,Apiuna Participacoes S/A,https://www.fitchratings.com/entity/apiuna-participacoes-s-a-97828981
2026-09-25,Via Brasil MT 320 Concessionaria De Rodovias S.A.,https://www.fitchratings.com/entity/via-brasil-mt-320-concessionaria-de-rodovias-sa-97134673
2026-09-25,Linhas de Xingu Transmissora de Energia S.A.,https://www.fitchratings.com/entity/linhas-de-xingu-transmissora-de-energia-sa-97159771
2026-09-25,Corredor Logistica e Infraestrutura S.A.,https://www.fitchratings.com/entity/corredor-logistica-e-infraestrutura-sa-97484610
2026-09-25,EDP Transmissao Norte Nordeste II S.A.,https://www.fitchratings.com/entity/edp-transmissao-norte-nordeste-ii-sa-97889713
2026-09-25,Concessionaria Rota do Atlantico S.A.,https://www.fitchratings.com/entity/concessionaria-rota-do-atlantico-sa-97285847
2026-09-25,Albioma Solar Participacoes S.A.,https://www.fitchratings.com/entity/albioma-solar-participacoes-sa-97840464
2026-09-25,CRI Opea Securitizadora S.A. (Pacaembu),https://www.fitchratings.com/entity/cri-opea-securitizadora-sa-pacaembu-97837366
2026-09-25,MC Brazil Downstream Trading S.a.r.l.,https://www.fitchratings.com/entity/mc-brazil-downstream-trading-sarl-97258479
2026-09-25,ASA Branca Holding S.A.,https://www.fitchratings.com/entity/asa-branca-holding-sa-97244274
2026-09-25,Rodovias do Brasil Holding S.A.,https://www.fitchratings.com/entity/rodovias-do-brasil-holding-sa-97193080
2026-09-25,RDVE Subholding S.A.,https://www.fitchratings.com/entity/rdve-subholding-sa-97349065
2026-09-25,Concessionaria Rodovia dos Tamoios S.A.,https://www.fitchratings.com/entity/concessionaria-rodovia-dos-tamoios-sa-97339005
2026-09-25,Ventos de Sao Lucio I Energias Renovaveis S.A.,https://www.fitchratings.com/entity/ventos-de-sao-lucio-i-energias-renovaveis-sa-97285099
2026-09-25,Concessionaria Rota dos Coqueiros S.A.,https://www.fitchratings.com/entity/concessionaria-rota-dos-coqueiros-sa-97385331
2026-09-25,GBS Participacoes S.A.,https://www.fitchratings.com/entity/gbs-participacoes-sa-97320752
2026-09-25,Engie Solucoes Cidades Inteligentes e Infraestrutura de Uberlandia S.A.,https://www.fitchratings.com/entity/engie-solucoes-cidades-inteligentes-e-infraestrutura-de-uberlandia-sa-97335775
2026-09-25,Eletroriver S/A,https://www.fitchratings.com/entity/eletroriver-s-a-97349748
2026-09-25,Natura &Co Luxembourg Holdings S.a r.l.,https://www.fitchratings.com/entity/natura-co-luxembourg-holdings-sa-rl-97375551
2026-09-25,3R Lux S.a.r.l.,https://www.fitchratings.com/entity/3r-lux-sarl-97387748
2026-09-25,Confluencia Energia S/A,https://www.fitchratings.com/entity/confluencia-energia-s-a-97273742
2026-09-25,Concessionaria dos Aeroportos da Amazonia S.A,https://www.fitchratings.com/entity/concessionaria-dos-aeroportos-da-amazonia-sa-97418720
2026-09-25,Borborema Transmissao de Energia S.A.,https://www.fitchratings.com/entity/borborema-transmissao-de-energia-sa-97273640
2026-09-25,Ventos de Sao Joao XXIII Energias Renovaveis S.A.,https://www.fitchratings.com/entity/ventos-de-sao-joao-xxiii-energias-renovaveis-sa-97393068
2026-09-25,BSB Energetica S/A,https://www.fitchratings.com/entity/bsb-energetica-s-a-97349757
2026-09-25,CLI Sul S.A,https://www.fitchratings.com/entity/cli-sul-sa-97484604
2026-09-25,Monte Rodovias Nordeste I Holding Participacoes S.A.,https://www.fitchratings.com/entity/monte-rodovias-nordeste-i-holding-participacoes-sa-97611135
2026-09-25,Rio+ Saneamento Bl3 S.A,https://www.fitchratings.com/entity/rio-saneamento-bl3-sa-97514697
2026-09-25,CRI Opea Securitizadora 2023-202 (Faro Energy),https://www.fitchratings.com/entity/cri-opea-securitizadora-2023-202-faro-energy-97481949
