dt_captura,no_emissor,link,no_tipo_rating,de_rating_br,dt_acao_rating,dt_ultima_revisao,de_id_regulatorio,de_outlook,dt_outlook
2026-06-10,Tereos Acucar & Energia Brasil SA,https://brazil.ratings.spglobal.com/ratings/pt/regulatory/org-details/sectorCode/CORP/entityId/1000165,Escala Nacional Brasil de Longo Prazo,brAA+,2022-07-13,2025-08-18,--,Negative,2025-06-18
2026-06-11,Voke S.A.,https://brazil.ratings.spglobal.com/ratings/pt/regulatory/org-details/sectorCode/CORP/entityId/1000210,Escala Nacional Brasil de Longo Prazo,brBBB,2025-05-09,2025-08-18,--,Negative,2025-05-09
2026-06-26,Braskem S.A.,https://brazil.ratings.spglobal.com/ratings/pt/regulatory/org-details/sectorCode/CORP/entityId/1001225,Escala Nacional Brasil de Longo Prazo,brCCC-,2025-09-26,2025-09-26,--,Negative,2025-09-26
2026-07-08,Rumo S.A.,https://brazil.ratings.spglobal.com/ratings/pt/regulatory/org-details/sectorCode/CORP/entityId/1000139,Escala Nacional Brasil de Longo Prazo,brAA+,2026-03-06,2026-03-06,--,Watch Neg,2026-03-06
2026-07-10,BRK Ambiental Participacoes S.A.,https://brazil.ratings.spglobal.com/ratings/pt/regulatory/org-details/sectorCode/UTIL/entityId/1001196,Escala Nacional Brasil de Longo Prazo,brAA-,2025-07-25,2025-12-29,--,Watch Neg,2025-12-29
2026-07-22,SLC Agricola S/A,https://brazil.ratings.spglobal.com/ratings/pt/regulatory/org-details/sectorCode/CORP/entityId/1000295,Escala Nacional Brasil de Longo Prazo,brAA,2021-02-23,2025-08-18,--,Stable,2021-02-23
2026-08-03,GG Participacoes S.A.,https://brazil.ratings.spglobal.com/ratings/pt/regulatory/org-details/sectorCode/CORP/entityId/1000875,Escala Nacional Brasil de Longo Prazo,brCCC,2025-08-18,2025-08-18,--,Negative,2025-08-18
2026-08-10,GG Participacoes S.A.,https://brazil.ratings.spglobal.com/ratings/pt/regulatory/org-details/sectorCode/CORP/entityId/1000875,Escala Nacional Brasil de Longo Prazo,NR,2026-08-03,2026-08-03,--,NR,2026-08-03
2026-08-11,Mills Locacao Servicos e Logistica S.A.,https://brazil.ratings.spglobal.com/ratings/pt/regulatory/org-details/sectorCode/CORP/entityId/1000715,Escala Nacional Brasil de Longo Prazo,brAA-,2022-08-15,2025-08-27,--,Positive,2025-08-27
2026-08-18,Companhia Energetica de Minas Gerais - CEMIG,https://brazil.ratings.spglobal.com/ratings/pt/regulatory/org-details/sectorCode/UTIL/entityId/1000831,Escala Nacional Brasil de Longo Prazo,brAA+,2021-01-28,2025-08-18,--,Positive,2024-11-26
2026-08-18,Cemig Geracao e Transmissao S.A.,https://brazil.ratings.spglobal.com/ratings/pt/regulatory/org-details/sectorCode/UTIL/entityId/1001078,Escala Nacional Brasil de Longo Prazo,brAA+,2021-01-28,2025-08-18,--,Positive,2024-11-26
2026-08-18,Cemig Distribuicao S.A.,https://brazil.ratings.spglobal.com/ratings/pt/regulatory/org-details/sectorCode/UTIL/entityId/1000303,Escala Nacional Brasil de Longo Prazo,brAA+,2021-01-28,2025-08-18,--,Positive,2024-11-26
2026-08-19,Eletromidia S.A.,https://brazil.ratings.spglobal.com/ratings/pt/regulatory/org-details/sectorCode/CORP/entityId/1001014,Escala Nacional Brasil de Longo Prazo,brAA,2024-12-30,2025-08-18,--,Stable,2024-12-30
2026-08-20,Banco Agibank S.A.,https://brazil.ratings.spglobal.com/ratings/pt/regulatory/org-details/sectorCode/FI/entityId/1000349,Escala Nacional Brasil de Longo Prazo,brAA-,2025-11-27,2026-01-15,--,Stable,2025-11-27
2026-08-26,Eletromidia S.A.,https://brazil.ratings.spglobal.com/ratings/pt/regulatory/org-details/sectorCode/CORP/entityId/1001014,Escala Nacional Brasil de Longo Prazo,NR,2026-08-19,2026-08-19,--,NR,2026-08-19
2026-09-01,Brava Energia S.A.,https://brazil.ratings.spglobal.com/ratings/pt/regulatory/org-details/sectorCode/CORP/entityId/1000914,Escala Nacional Brasil de Longo Prazo,brAA-,2024-08-08,2026-01-27,--,Stable,2026-01-27
2026-09-02,Delta Sucroenergia S.A.,https://brazil.ratings.spglobal.com/ratings/pt/regulatory/org-details/sectorCode/CORP/entityId/1001385,Escala Nacional Brasil de Longo Prazo,brAAA,2026-03-20,2026-03-20,--,Stable,2026-03-20
2026-09-04,AZZAS 2154 S.A.,https://brazil.ratings.spglobal.com/ratings/pt/regulatory/org-details/sectorCode/CORP/entityId/1000569,Escala Nacional Brasil de Longo Prazo,brAA+,2024-12-16,2026-05-20,--,Stable,2024-12-16
2026-09-08,Gs Inima Industrial S.A.,https://brazil.ratings.spglobal.com/ratings/pt/regulatory/org-details/sectorCode/UTIL/entityId/1000334,Escala Nacional Brasil de Longo Prazo,brAA+,2019-10-03,2026-07-24,--,Watch Neg,2025-11-26
2026-09-09,Delta Sucroenergia S.A.,https://brazil.ratings.spglobal.com/ratings/pt/regulatory/org-details/sectorCode/CORP/entityId/1001385,Escala Nacional Brasil de Longo Prazo,NR,2026-09-02,2026-09-02,--,NR,2026-09-02
2026-09-09,Emccamp Residencial S.A.,https://brazil.ratings.spglobal.com/ratings/pt/regulatory/org-details/sectorCode/CORP/entityId/1001087,Escala Nacional Brasil de Longo Prazo,brAA-,2025-07-03,2026-01-13,--,Stable,2025-07-03
2026-09-09,Tres Tentos Agroindustrial S.A.,https://brazil.ratings.spglobal.com/ratings/pt/regulatory/org-details/sectorCode/CORP/entityId/1000316,Escala Nacional Brasil de Longo Prazo,brAA,2025-02-26,2026-08-27,--,Stable,2025-02-26
2026-09-15,Gs Inima Industrial S.A.,https://brazil.ratings.spglobal.com/ratings/pt/regulatory/org-details/sectorCode/UTIL/entityId/1000334,Escala Nacional Brasil de Longo Prazo,NR,2026-09-08,2026-09-08,--,NM,2026-09-08
2026-09-17,Light Servicos de Eletricidade S.A.,https://brazil.ratings.spglobal.com/ratings/pt/regulatory/org-details/sectorCode/UTIL/entityId/1001431,Escala Nacional Brasil de Longo Prazo,D,2023-04-12,2026-08-20,--,NM,2023-04-12
2026-09-17,Light Servicos de Eletricidade S.A.,https://brazil.ratings.spglobal.com/ratings/pt/regulatory/org-details/sectorCode/UTIL/entityId/1001431,Escala Nacional Brasil de Curto Prazo,D,2023-04-12,2026-08-20,--,,
2026-09-24,GJA Industrias S.A.,https://brazil.ratings.spglobal.com/ratings/pt/regulatory/org-details/sectorCode/CORP/entityId/1000270,Escala Nacional Brasil de Longo Prazo,brBBB+,2025-11-12,2025-11-12,--,Negative,2025-11-12
2026-09-25,AEGEA Saneamento e Participacoes S.A.,https://brazil.ratings.spglobal.com/ratings/pt/regulatory/org-details/sectorCode/UTIL/entityId/1001151,Escala Nacional Brasil de Longo Prazo,brA,2026-04-20,2026-08-21,--,Negative,2026-04-20
2026-09-25,AXIA Energia S.A.,https://brazil.ratings.spglobal.com/ratings/pt/regulatory/org-details/sectorCode/UTIL/entityId/1000689,Escala Nacional Brasil de Longo Prazo,brAAA,2019-04-25,2026-08-20,--,Stable,2019-04-25
2026-09-25,AXIA Energia S.A.,https://brazil.ratings.spglobal.com/ratings/pt/regulatory/org-details/sectorCode/UTIL/entityId/1000689,Escala Nacional Brasil de Curto Prazo,brA-1+,2017-08-16,2026-08-20,--,,
2026-09-25,AZZAS 2154 S.A.,https://brazil.ratings.spglobal.com/ratings/pt/regulatory/org-details/sectorCode/CORP/entityId/1000569,Escala Nacional Brasil de Longo Prazo,brAA,2026-09-04,2026-09-04,--,Watch Neg,2026-09-04
2026-09-25,Aco Verde do Brasil S.A.,https://brazil.ratings.spglobal.com/ratings/pt/regulatory/org-details/sectorCode/CORP/entityId/1000952,Escala Nacional Brasil de Longo Prazo,brAA,2023-05-16,2026-07-06,--,Stable,2023-05-16
2026-09-25,Acucareira Quata S.A.,https://brazil.ratings.spglobal.com/ratings/pt/regulatory/org-details/sectorCode/CORP/entityId/1001358,Escala Nacional Brasil de Longo Prazo,brA+,2025-08-07,2026-06-25,--,Stable,2025-08-07
2026-09-25,Adami S.A. Madeiras,https://brazil.ratings.spglobal.com/ratings/pt/regulatory/org-details/sectorCode/CORP/entityId/1001058,Escala Nacional Brasil de Longo Prazo,brA+,2023-04-13,2026-05-29,--,Stable,2023-04-13
2026-09-25,Adyen do Brasil Instituicao de Pagamento Ltda,https://brazil.ratings.spglobal.com/ratings/pt/regulatory/org-details/sectorCode/FI/entityId/1000337,Escala Nacional Brasil de Longo Prazo,brAAA,2021-03-16,2026-07-17,--,Stable,2021-03-16
2026-09-25,Agro Industrias do Vale do Sao Francisco S.A.,https://brazil.ratings.spglobal.com/ratings/pt/regulatory/org-details/sectorCode/CORP/entityId/1000749,Escala Nacional Brasil de Longo Prazo,brA,2021-08-19,2026-06-25,--,Stable,2021-08-19
2026-09-25,Agroterenas S.A. Administracao e Participacoes,https://brazil.ratings.spglobal.com/ratings/pt/regulatory/org-details/sectorCode/CORP/entityId/1000230,Escala Nacional Brasil de Longo Prazo,brA+,2026-03-26,2026-07-01,--,Negative,2026-07-01
2026-09-25,Aguas Guariroba S.A.,https://brazil.ratings.spglobal.com/ratings/pt/regulatory/org-details/sectorCode/UTIL/entityId/1001438,Escala Nacional Brasil de Longo Prazo,brA,2026-04-20,2026-08-21,--,Negative,2026-04-20
2026-09-25,Aguas do Rio 1 SPE S.A.,https://brazil.ratings.spglobal.com/ratings/pt/regulatory/org-details/sectorCode/UTIL/entityId/1000314,Escala Nacional Brasil de Longo Prazo,brA,2026-04-20,2026-08-21,--,Negative,2026-04-20
2026-09-25,Aguas do Rio 4 SPE S.A.,https://brazil.ratings.spglobal.com/ratings/pt/regulatory/org-details/sectorCode/UTIL/entityId/1000804,Escala Nacional Brasil de Longo Prazo,brA,2026-04-20,2026-08-21,--,Negative,2026-04-20
2026-09-25,Akad Seguros S.A.,https://brazil.ratings.spglobal.com/ratings/pt/regulatory/org-details/sectorCode/INS/entityId/1000192,Escala Nacional Brasil de Longo Prazo,brA,2025-03-25,2026-07-22,--,Positive,2025-03-25
2026-09-25,Alagoas (State of),https://brazil.ratings.spglobal.com/ratings/pt/regulatory/org-details/sectorCode/GOVS/entityId/1001322,Escala Nacional Brasil de Longo Prazo,brAA+,2018-07-11,2026-07-23,--,Negative,2026-07-23
2026-09-25,Algar Telecom S/A,https://brazil.ratings.spglobal.com/ratings/pt/regulatory/org-details/sectorCode/CORP/entityId/1000706,Escala Nacional Brasil de Longo Prazo,brAA,2025-04-28,2026-06-25,--,Stable,2025-04-28
2026-09-25,Ambev S.A.,https://brazil.ratings.spglobal.com/ratings/pt/regulatory/org-details/sectorCode/CORP/entityId/1000591,Escala Nacional Brasil de Longo Prazo,brAAA,2004-12-17,2026-08-20,--,Stable,2004-12-17
2026-09-25,Angelina Colombo Participacoes S.A.,https://brazil.ratings.spglobal.com/ratings/pt/regulatory/org-details/sectorCode/CORP/entityId/1000950,Escala Nacional Brasil de Longo Prazo,brAAA,2021-07-07,2026-06-25,--,Stable,2025-04-30
2026-09-25,Arteris S.A.,https://brazil.ratings.spglobal.com/ratings/pt/regulatory/org-details/sectorCode/CORP/entityId/1000061,Escala Nacional Brasil de Longo Prazo,brAAA,2018-07-11,2026-08-19,--,Stable,2018-07-11
2026-09-25,Atacadao S.A.,https://brazil.ratings.spglobal.com/ratings/pt/regulatory/org-details/sectorCode/CORP/entityId/1001009,Escala Nacional Brasil de Longo Prazo,brAAA,2018-04-16,2026-05-20,--,Stable,2018-04-16
2026-09-25,Aura Minerals Inc.,https://brazil.ratings.spglobal.com/ratings/pt/regulatory/org-details/sectorCode/CORP/entityId/1000481,Escala Nacional Brasil de Longo Prazo,brAA+,2026-03-03,2026-07-06,--,Stable,2026-03-03
2026-09-25,Austral Resseguradora S.A.,https://brazil.ratings.spglobal.com/ratings/pt/regulatory/org-details/sectorCode/INS/entityId/1000584,Escala Nacional Brasil de Longo Prazo,brAAA,2018-07-11,2026-07-22,--,Stable,2018-07-11
2026-09-25,Austral Seguradora S.A.,https://brazil.ratings.spglobal.com/ratings/pt/regulatory/org-details/sectorCode/INS/entityId/1000774,Escala Nacional Brasil de Longo Prazo,brAAA,2018-07-11,2026-07-22,--,Stable,2018-07-11
2026-09-25,Autoban - Concessionaria do Sistema Anhanguera Bandeirantes S.A.,https://brazil.ratings.spglobal.com/ratings/pt/regulatory/org-details/sectorCode/CORP/entityId/1001224,Escala Nacional Brasil de Longo Prazo,brAAA,2018-07-11,2026-08-19,--,Stable,2018-07-11
2026-09-25,Autopista Fernao Dias S.A.,https://brazil.ratings.spglobal.com/ratings/pt/regulatory/org-details/sectorCode/CORP/entityId/1000910,Escala Nacional Brasil de Longo Prazo,brAAA,2018-07-11,2026-08-19,--,Stable,2018-07-11
2026-09-25,Autopista Fluminense S.A.,https://brazil.ratings.spglobal.com/ratings/pt/regulatory/org-details/sectorCode/UTIL/entityId/1008321,Escala Nacional Brasil de Longo Prazo,brAAA,2026-01-28,2026-08-19,--,Stable,2026-01-28
2026-09-25,Autopista Litoral Sul S.A.,https://brazil.ratings.spglobal.com/ratings/pt/regulatory/org-details/sectorCode/CORP/entityId/1000717,Escala Nacional Brasil de Longo Prazo,brAAA,2021-09-20,2026-08-19,--,Stable,2021-09-20
2026-09-25,Autopista Planalto Sul S.A.,https://brazil.ratings.spglobal.com/ratings/pt/regulatory/org-details/sectorCode/CORP/entityId/1000679,Escala Nacional Brasil de Longo Prazo,brAAA,2018-07-11,2026-08-19,--,Stable,2018-07-11
2026-09-25,Autopista Regis Bittencourt S.A.,https://brazil.ratings.spglobal.com/ratings/pt/regulatory/org-details/sectorCode/CORP/entityId/1000336,Escala Nacional Brasil de Longo Prazo,brAAA,2019-09-24,2026-08-19,--,Watch Neg,2026-08-03
2026-09-25,Azul S.A.,https://brazil.ratings.spglobal.com/ratings/pt/regulatory/org-details/sectorCode/CORP/entityId/1000776,Escala Nacional Brasil de Longo Prazo,brBBB-,2026-03-02,2026-03-02,--,Stable,2026-03-02
2026-09-25,Banco ABC Brasil S.A.,https://brazil.ratings.spglobal.com/ratings/pt/regulatory/org-details/sectorCode/FI/entityId/1000773,Escala Nacional Brasil de Longo Prazo,brAAA,2018-07-11,2026-07-03,--,Stable,2018-07-11
2026-09-25,Banco ABC Brasil S.A.,https://brazil.ratings.spglobal.com/ratings/pt/regulatory/org-details/sectorCode/FI/entityId/1000773,Escala Nacional Brasil de Curto Prazo,brA-1+,2017-08-16,2026-07-03,--,,
2026-09-25,Banco Agibank S.A.,https://brazil.ratings.spglobal.com/ratings/pt/regulatory/org-details/sectorCode/FI/entityId/1000349,Escala Nacional Brasil de Longo Prazo,brAA,2026-08-20,2026-08-20,--,Stable,2026-08-20
2026-09-25,Banco BMG S.A.,https://brazil.ratings.spglobal.com/ratings/pt/regulatory/org-details/sectorCode/FI/entityId/1001148,Escala Nacional Brasil de Longo Prazo,brA,2024-05-17,2026-01-15,--,Stable,2024-05-17
2026-09-25,Banco BTG Pactual S.A.,https://brazil.ratings.spglobal.com/ratings/pt/regulatory/org-details/sectorCode/FI/entityId/1000583,Escala Nacional Brasil de Longo Prazo,brAAA,2021-06-09,2026-04-16,--,Stable,2021-06-09
2026-09-25,Banco BTG Pactual S.A.,https://brazil.ratings.spglobal.com/ratings/pt/regulatory/org-details/sectorCode/FI/entityId/1000583,Escala Nacional Brasil de Curto Prazo,brA-1+,2018-07-11,2026-04-16,--,,
2026-09-25,Banco Bradesco S.A.,https://brazil.ratings.spglobal.com/ratings/pt/regulatory/org-details/sectorCode/FI/entityId/1001005,Escala Nacional Brasil de Longo Prazo,brAAA,2018-07-11,2026-04-16,--,Stable,2018-07-11
2026-09-25,Banco Bradesco S.A.,https://brazil.ratings.spglobal.com/ratings/pt/regulatory/org-details/sectorCode/FI/entityId/1001005,Escala Nacional Brasil de Curto Prazo,brA-1+,2017-08-16,2026-04-16,--,,
2026-09-25,Banco C6 Consignado S.A.,https://brazil.ratings.spglobal.com/ratings/pt/regulatory/org-details/sectorCode/FI/entityId/1005882,Escala Nacional Brasil de Longo Prazo,brAA-,2025-11-05,2026-01-15,--,Stable,2025-11-05
2026-09-25,Banco C6 S.A.,https://brazil.ratings.spglobal.com/ratings/pt/regulatory/org-details/sectorCode/FI/entityId/1000096,Escala Nacional Brasil de Longo Prazo,brAA-,2025-09-22,2026-01-15,--,Stable,2025-09-22
2026-09-25,Banco CSF S.A.,https://brazil.ratings.spglobal.com/ratings/pt/regulatory/org-details/sectorCode/FI/entityId/1001246,Escala Nacional Brasil de Longo Prazo,brAAA,2018-07-11,2026-03-04,--,Stable,2018-07-11
2026-09-25,Banco Cooperativo Sicredi S.A.,https://brazil.ratings.spglobal.com/ratings/pt/regulatory/org-details/sectorCode/FI/entityId/1000911,Escala Nacional Brasil de Longo Prazo,brAAA,2018-07-11,2026-04-16,--,Stable,2024-07-30
2026-09-25,Banco Daycoval S.A.,https://brazil.ratings.spglobal.com/ratings/pt/regulatory/org-details/sectorCode/FI/entityId/1000161,Escala Nacional Brasil de Longo Prazo,brAA+,2018-07-11,2026-06-11,--,Positive,2026-06-11
2026-09-25,Banco Daycoval S.A.,https://brazil.ratings.spglobal.com/ratings/pt/regulatory/org-details/sectorCode/FI/entityId/1000161,Escala Nacional Brasil de Curto Prazo,brA-1+,2018-07-11,2026-06-11,--,,
2026-09-25,Banco Fibra S.A.,https://brazil.ratings.spglobal.com/ratings/pt/regulatory/org-details/sectorCode/FI/entityId/1000691,Escala Nacional Brasil de Longo Prazo,brA-,2025-08-18,2026-07-03,--,Positive,2025-08-18
2026-09-25,Banco Fibra S.A.,https://brazil.ratings.spglobal.com/ratings/pt/regulatory/org-details/sectorCode/FI/entityId/1000691,Escala Nacional Brasil de Curto Prazo,brA-2,2021-06-08,2026-07-03,--,,
2026-09-25,Banco HSBC S.A.,https://brazil.ratings.spglobal.com/ratings/pt/regulatory/org-details/sectorCode/FI/entityId/1000434,Escala Nacional Brasil de Longo Prazo,brAAA,2022-04-12,2026-03-04,--,Stable,2022-04-12
2026-09-25,Banco HSBC S.A.,https://brazil.ratings.spglobal.com/ratings/pt/regulatory/org-details/sectorCode/FI/entityId/1000434,Escala Nacional Brasil de Curto Prazo,brA-1+,2022-04-12,2026-03-04,--,,
2026-09-25,Banco Inter S.A.,https://brazil.ratings.spglobal.com/ratings/pt/regulatory/org-details/sectorCode/FI/entityId/1000025,Escala Nacional Brasil de Longo Prazo,brAA+,2021-07-01,2026-01-15,--,Stable,2024-05-20
2026-09-25,Banco J.P. Morgan S.A.,https://brazil.ratings.spglobal.com/ratings/pt/regulatory/org-details/sectorCode/FI/entityId/1000566,Escala Nacional Brasil de Longo Prazo,brAAA,2018-07-11,2026-03-04,--,Stable,2018-07-11
2026-09-25,Banco J.P. Morgan S.A.,https://brazil.ratings.spglobal.com/ratings/pt/regulatory/org-details/sectorCode/FI/entityId/1000566,Escala Nacional Brasil de Curto Prazo,brA-1+,2017-08-16,2026-03-04,--,,
2026-09-25,Banco MUFG Brasil S.A.,https://brazil.ratings.spglobal.com/ratings/pt/regulatory/org-details/sectorCode/FI/entityId/1001119,Escala Nacional Brasil de Longo Prazo,brAAA,2018-07-11,2026-03-04,--,Stable,2018-07-11
2026-09-25,Banco MUFG Brasil S.A.,https://brazil.ratings.spglobal.com/ratings/pt/regulatory/org-details/sectorCode/FI/entityId/1001119,Escala Nacional Brasil de Curto Prazo,brA-1+,2017-08-16,2026-03-04,--,,
2026-09-25,Banco Mercantil,https://brazil.ratings.spglobal.com/ratings/pt/regulatory/org-details/sectorCode/FI/entityId/1001476,Escala Nacional Brasil de Longo Prazo,brAA-,2024-06-20,2026-01-15,--,Stable,2024-06-20
2026-09-25,Banco Morgan Stanley S.A.,https://brazil.ratings.spglobal.com/ratings/pt/regulatory/org-details/sectorCode/FI/entityId/1000360,Escala Nacional Brasil de Longo Prazo,brAAA,2018-07-11,2026-03-04,--,Stable,2018-07-11
2026-09-25,Banco Morgan Stanley S.A.,https://brazil.ratings.spglobal.com/ratings/pt/regulatory/org-details/sectorCode/FI/entityId/1000360,Escala Nacional Brasil de Curto Prazo,brA-1+,2017-08-16,2026-03-04,--,,
2026-09-25,Banco Nacional de Desenvolvimento Economico e Social,https://brazil.ratings.spglobal.com/ratings/pt/regulatory/org-details/sectorCode/FI/entityId/1000358,Escala Nacional Brasil de Longo Prazo,brAAA,2018-07-11,2026-04-16,--,Stable,2018-07-11
2026-09-25,Banco Original S.A.,https://brazil.ratings.spglobal.com/ratings/pt/regulatory/org-details/sectorCode/FI/entityId/1001381,Escala Nacional Brasil de Longo Prazo,brBBB+,2025-08-18,2026-07-03,--,Positive,2025-08-18
2026-09-25,Banco Original S.A.,https://brazil.ratings.spglobal.com/ratings/pt/regulatory/org-details/sectorCode/FI/entityId/1001381,Escala Nacional Brasil de Curto Prazo,brA-2,2018-09-25,2026-07-03,--,,
2026-09-25,Banco PACCAR S. A.,https://brazil.ratings.spglobal.com/ratings/pt/regulatory/org-details/sectorCode/FI/entityId/1000954,Escala Nacional Brasil de Longo Prazo,brAAA,2023-12-12,2026-06-08,--,Stable,2023-12-12
2026-09-25,Banco Paulista S.A.,https://brazil.ratings.spglobal.com/ratings/pt/regulatory/org-details/sectorCode/FI/entityId/1001502,Escala Nacional Brasil de Longo Prazo,brBBB-,2026-05-06,2026-07-03,--,Stable,2026-05-06
2026-09-25,Banco Paulista S.A.,https://brazil.ratings.spglobal.com/ratings/pt/regulatory/org-details/sectorCode/FI/entityId/1001502,Escala Nacional Brasil de Curto Prazo,brA-3,2026-05-06,2026-07-03,--,,
2026-09-25,Banco Pine S.A.,https://brazil.ratings.spglobal.com/ratings/pt/regulatory/org-details/sectorCode/FI/entityId/1000690,Escala Nacional Brasil de Longo Prazo,brA+,2025-09-25,2026-01-15,--,Stable,2025-09-25
2026-09-25,Banco Rabobank International Brasil S.A.,https://brazil.ratings.spglobal.com/ratings/pt/regulatory/org-details/sectorCode/FI/entityId/1000119,Escala Nacional Brasil de Longo Prazo,brAAA,2025-08-08,2026-04-16,--,Stable,2025-08-08
2026-09-25,Banco Randon S.A.,https://brazil.ratings.spglobal.com/ratings/pt/regulatory/org-details/sectorCode/FI/entityId/1001245,Escala Nacional Brasil de Longo Prazo,brAA+,2024-10-28,2026-06-08,--,Negative,2025-10-14
2026-09-25,Banco Safra S.A.,https://brazil.ratings.spglobal.com/ratings/pt/regulatory/org-details/sectorCode/FI/entityId/1000401,Escala Nacional Brasil de Longo Prazo,brAAA,2018-07-11,2026-04-16,--,Stable,2018-07-11
2026-09-25,Banco Safra S.A.,https://brazil.ratings.spglobal.com/ratings/pt/regulatory/org-details/sectorCode/FI/entityId/1000401,Escala Nacional Brasil de Curto Prazo,brA-1+,2017-08-16,2026-04-16,--,,
2026-09-25,Banco Santander (Brasil) S.A.,https://brazil.ratings.spglobal.com/ratings/pt/regulatory/org-details/sectorCode/FI/entityId/1000299,Escala Nacional Brasil de Longo Prazo,brAAA,2018-07-11,2026-04-16,--,Stable,2018-07-11
2026-09-25,Banco Santander (Brasil) S.A.,https://brazil.ratings.spglobal.com/ratings/pt/regulatory/org-details/sectorCode/FI/entityId/1000299,Escala Nacional Brasil de Curto Prazo,brA-1+,2017-08-16,2026-04-16,--,,
2026-09-25,Banco Sofisa S.A.,https://brazil.ratings.spglobal.com/ratings/pt/regulatory/org-details/sectorCode/FI/entityId/1001462,Escala Nacional Brasil de Longo Prazo,brAA+,2021-12-10,2026-07-03,--,Stable,2021-12-10
2026-09-25,Banco Sumitomo Mitsui Brasileiro S.A.,https://brazil.ratings.spglobal.com/ratings/pt/regulatory/org-details/sectorCode/FI/entityId/1000778,Escala Nacional Brasil de Longo Prazo,brAAA,2018-07-11,2026-03-04,--,Stable,2018-07-11
2026-09-25,Banco Sumitomo Mitsui Brasileiro S.A.,https://brazil.ratings.spglobal.com/ratings/pt/regulatory/org-details/sectorCode/FI/entityId/1000778,Escala Nacional Brasil de Curto Prazo,brA-1+,2018-02-20,2026-03-04,--,,
2026-09-25,Banco Toyota do Brasil S.A.,https://brazil.ratings.spglobal.com/ratings/pt/regulatory/org-details/sectorCode/FI/entityId/1000627,Escala Nacional Brasil de Longo Prazo,brAAA,2018-07-11,2026-06-08,--,Stable,2018-07-11
2026-09-25,Banco Volkswagen S.A.,https://brazil.ratings.spglobal.com/ratings/pt/regulatory/org-details/sectorCode/FI/entityId/1001286,Escala Nacional Brasil de Longo Prazo,brAAA,2018-07-11,2026-06-08,--,Stable,2018-07-11
2026-09-25,Banco Votorantim S.A.,https://brazil.ratings.spglobal.com/ratings/pt/regulatory/org-details/sectorCode/FI/entityId/1000291,Escala Nacional Brasil de Longo Prazo,brAAA,2018-07-11,2026-06-08,--,Stable,2018-07-11
2026-09-25,Banco Votorantim S.A.,https://brazil.ratings.spglobal.com/ratings/pt/regulatory/org-details/sectorCode/FI/entityId/1000291,Escala Nacional Brasil de Curto Prazo,brA-1+,2017-08-16,2026-06-08,--,,
2026-09-25,Banco XP S.A.,https://brazil.ratings.spglobal.com/ratings/pt/regulatory/org-details/sectorCode/FI/entityId/1000269,Escala Nacional Brasil de Longo Prazo,brAAA,2021-12-27,2026-04-16,--,Stable,2021-12-27
2026-09-25,Banco de Desenvolvimento de Minas Gerais S.A. - BDMG,https://brazil.ratings.spglobal.com/ratings/pt/regulatory/org-details/sectorCode/FI/entityId/1000906,Escala Nacional Brasil de Longo Prazo,brA+,2024-11-18,2026-07-03,--,Stable,2024-11-18
2026-09-25,Banco do Estado do Para S.A.,https://brazil.ratings.spglobal.com/ratings/pt/regulatory/org-details/sectorCode/FI/entityId/1000873,Escala Nacional Brasil de Longo Prazo,brAA,2026-06-03,2026-06-03,--,Negative,2026-06-03
2026-09-25,Banco do Estado do Para S.A.,https://brazil.ratings.spglobal.com/ratings/pt/regulatory/org-details/sectorCode/FI/entityId/1000873,Escala Nacional Brasil de Curto Prazo,brA-1+,2018-07-11,2026-06-03,--,,
2026-09-25,Banco do Estado do Rio Grande do Sul S.A.,https://brazil.ratings.spglobal.com/ratings/pt/regulatory/org-details/sectorCode/FI/entityId/1000056,Escala Nacional Brasil de Longo Prazo,brAA+,2018-07-11,2026-01-15,--,Stable,2024-07-30
2026-09-25,Banco do Nordeste do Brasil S.A.,https://brazil.ratings.spglobal.com/ratings/pt/regulatory/org-details/sectorCode/FI/entityId/1001475,Escala Nacional Brasil de Longo Prazo,brAAA,2018-07-11,2026-09-14,--,Stable,2018-07-11
2026-09-25,BancoSeguro S.A.,https://brazil.ratings.spglobal.com/ratings/pt/regulatory/org-details/sectorCode/FI/entityId/1000721,Escala Nacional Brasil de Longo Prazo,brAAA,2023-08-09,2026-07-17,--,Stable,2023-08-09
2026-09-25,Bank of China (Brasil) Banco Multiplo S.A.,https://brazil.ratings.spglobal.com/ratings/pt/regulatory/org-details/sectorCode/FI/entityId/1001282,Escala Nacional Brasil de Longo Prazo,brAAA,2018-07-11,2026-03-04,--,Stable,2018-07-11
2026-09-25,Caixa Economica Federal,https://brazil.ratings.spglobal.com/ratings/pt/regulatory/org-details/sectorCode/FI/entityId/1001117,Escala Nacional Brasil de Longo Prazo,brAAA,2018-07-11,2026-04-16,--,Stable,2018-07-11
2026-09-25,Caixa Economica Federal,https://brazil.ratings.spglobal.com/ratings/pt/regulatory/org-details/sectorCode/FI/entityId/1001117,Escala Nacional Brasil de Curto Prazo,brA-1+,2017-08-16,2026-04-16,--,,
2026-09-25,"Caruana S.A. - Sociedade de Credito, Financiamento e Investimento",https://brazil.ratings.spglobal.com/ratings/pt/regulatory/org-details/sectorCode/FI/entityId/1000205,Escala Nacional Brasil de Longo Prazo,brBBB,2020-05-06,2026-06-08,--,Stable,2021-05-10
2026-09-25,"Caruana S.A. - Sociedade de Credito, Financiamento e Investimento",https://brazil.ratings.spglobal.com/ratings/pt/regulatory/org-details/sectorCode/FI/entityId/1000205,Escala Nacional Brasil de Curto Prazo,brA-2,2018-07-11,2026-06-08,--,,
2026-09-25,Haitong Banco de Investimento do Brasil S.A.,https://brazil.ratings.spglobal.com/ratings/pt/regulatory/org-details/sectorCode/FI/entityId/1000112,Escala Nacional Brasil de Longo Prazo,brAAA,2019-10-15,2026-03-04,--,Negative,2025-07-31
2026-09-25,Haitong Banco de Investimento do Brasil S.A.,https://brazil.ratings.spglobal.com/ratings/pt/regulatory/org-details/sectorCode/FI/entityId/1000112,Escala Nacional Brasil de Curto Prazo,brA-1+,2018-07-11,2026-03-04,--,,
2026-09-25,Jalles Machado S.A.,https://brazil.ratings.spglobal.com/ratings/pt/regulatory/org-details/sectorCode/CORP/entityId/1001355,Escala Nacional Brasil de Longo Prazo,brAAA,2021-02-08,2026-09-15,--,Stable,2021-02-08
2026-09-25,Kallas Incorporacoes e Construcoes S.A.,https://brazil.ratings.spglobal.com/ratings/pt/regulatory/org-details/sectorCode/CORP/entityId/1000916,Escala Nacional Brasil de Longo Prazo,brBB+,2026-03-26,2026-03-26,--,Negative,2026-03-26
2026-09-25,Laticinios Bela Vista S.A.,https://brazil.ratings.spglobal.com/ratings/pt/regulatory/org-details/sectorCode/CORP/entityId/1001019,Escala Nacional Brasil de Longo Prazo,brAA,2022-03-10,2026-08-20,--,Stable,2022-03-10
2026-09-25,Madero Industria E Comercio S.A.,https://brazil.ratings.spglobal.com/ratings/pt/regulatory/org-details/sectorCode/CORP/entityId/1001021,Escala Nacional Brasil de Longo Prazo,brA,2025-11-18,2026-05-20,--,Stable,2025-11-18
2026-09-25,Magazine Luiza S.A.,https://brazil.ratings.spglobal.com/ratings/pt/regulatory/org-details/sectorCode/CORP/entityId/1000472,Escala Nacional Brasil de Longo Prazo,brAA-,2023-08-30,2026-09-23,--,Stable,2024-11-18
2026-09-25,Manaus Ambiental S.A.,https://brazil.ratings.spglobal.com/ratings/pt/regulatory/org-details/sectorCode/UTIL/entityId/1001534,Escala Nacional Brasil de Longo Prazo,brA-,2026-04-20,2026-08-21,--,Negative,2026-04-20
2026-09-25,Marfrig Global Foods S.A.,https://brazil.ratings.spglobal.com/ratings/pt/regulatory/org-details/sectorCode/CORP/entityId/1000446,Escala Nacional Brasil de Longo Prazo,brAAA,2021-12-03,2026-08-04,--,Negative,2026-05-20
2026-09-25,Martins Comercio e Servico de Distribuicao S.A.,https://brazil.ratings.spglobal.com/ratings/pt/regulatory/org-details/sectorCode/CORP/entityId/1000522,Escala Nacional Brasil de Longo Prazo,brAA,2021-04-29,2026-05-20,--,Stable,2021-04-29
2026-09-25,Nardini Agroindustrial Ltda.,https://brazil.ratings.spglobal.com/ratings/pt/regulatory/org-details/sectorCode/CORP/entityId/1000871,Escala Nacional Brasil de Longo Prazo,brAA-,2025-06-16,2026-06-25,--,Stable,2025-06-16
2026-09-25,Natura Cosmeticos S.A.,https://brazil.ratings.spglobal.com/ratings/pt/regulatory/org-details/sectorCode/CORP/entityId/1000800,Escala Nacional Brasil de Longo Prazo,brAAA,2020-10-14,2026-08-20,--,Negative,2026-07-27
2026-09-25,Paraiba (State of),https://brazil.ratings.spglobal.com/ratings/pt/regulatory/org-details/sectorCode/GOVS/entityId/1000031,Escala Nacional Brasil de Longo Prazo,brAAA,2024-04-09,2026-07-03,--,Stable,2024-04-09
2026-09-25,Parana Banco S.A,https://brazil.ratings.spglobal.com/ratings/pt/regulatory/org-details/sectorCode/FI/entityId/1000294,Escala Nacional Brasil de Longo Prazo,brAA+,2018-07-11,2026-01-15,--,Stable,2019-03-18
2026-09-25,Paranagua Saneamento S.A.,https://brazil.ratings.spglobal.com/ratings/pt/regulatory/org-details/sectorCode/UTIL/entityId/1001229,Escala Nacional Brasil de Longo Prazo,brA,2024-05-28,2026-08-21,--,Stable,2024-12-16
2026-09-25,Raizen S.A.,https://brazil.ratings.spglobal.com/ratings/pt/regulatory/org-details/sectorCode/CORP/entityId/1001149,Escala Nacional Brasil de Longo Prazo,SD,2026-03-11,2026-06-25,--,NM,2026-03-11
2026-09-25,Randoncorp S.A.,https://brazil.ratings.spglobal.com/ratings/pt/regulatory/org-details/sectorCode/CORP/entityId/1000180,Escala Nacional Brasil de Longo Prazo,brAAA,2024-10-25,2026-07-02,--,Negative,2025-10-01
2026-09-25,Randoncorp S.A.,https://brazil.ratings.spglobal.com/ratings/pt/regulatory/org-details/sectorCode/CORP/entityId/1000180,Escala Nacional Brasil de Curto Prazo,brA-1+,2019-12-19,2026-07-02,--,,
2026-09-25,Santa Catarina (State of),https://brazil.ratings.spglobal.com/ratings/pt/regulatory/org-details/sectorCode/GOVS/entityId/1000801,Escala Nacional Brasil de Longo Prazo,brAAA,2025-06-12,2026-07-03,--,Stable,2025-06-12
2026-09-25,Santos Brasil Participacoes S.A.,https://brazil.ratings.spglobal.com/ratings/pt/regulatory/org-details/sectorCode/CORP/entityId/1000809,Escala Nacional Brasil de Longo Prazo,brAAA,2018-07-11,2026-08-19,--,Stable,2021-03-25
2026-09-25,Sao Martinho S.A.,https://brazil.ratings.spglobal.com/ratings/pt/regulatory/org-details/sectorCode/CORP/entityId/1000537,Escala Nacional Brasil de Longo Prazo,brAAA,2017-08-16,2026-06-25,--,Stable,2017-08-16
2026-09-25,Vale S.A.,https://brazil.ratings.spglobal.com/ratings/pt/regulatory/org-details/sectorCode/CORP/entityId/1000610,Escala Nacional Brasil de Longo Prazo,brAAA,2006-11-16,2026-07-06,--,Stable,2019-03-21
2026-09-25,Vale do Tijuco Acucar e Alcool S.A.,https://brazil.ratings.spglobal.com/ratings/pt/regulatory/org-details/sectorCode/CORP/entityId/1001436,Escala Nacional Brasil de Longo Prazo,brAA-,2026-06-03,2026-06-03,--,Negative,2026-06-03
2026-09-25,"Vamos Locacao de Caminhoes, Maquinas e Equipamentos S.A.",https://brazil.ratings.spglobal.com/ratings/pt/regulatory/org-details/sectorCode/CORP/entityId/1000315,Escala Nacional Brasil de Longo Prazo,brAA+,2021-06-09,2026-07-21,--,Stable,2021-06-09
2026-09-25,BRAM - Bradesco Asset Management S.A. Distribuidora de Titulos e Valores Mobiliarios,https://brazil.ratings.spglobal.com/ratings/pt/regulatory/org-details/sectorCode/FI/entityId/1001401,Classificação de Práticas de Administração de Recursos de Terceiros,brAMP1,2025-10-28,2026-05-15,--,,
2026-09-25,Brasil Tecnologia E Participacoes S.A.,https://brazil.ratings.spglobal.com/ratings/pt/regulatory/org-details/sectorCode/CORP/entityId/1000098,Escala Nacional Brasil de Longo Prazo,brA+,2025-09-16,2026-06-25,--,Watch Neg,2026-03-26
2026-09-25,Brasil Terrenos Holding S.A.,https://brazil.ratings.spglobal.com/ratings/pt/regulatory/org-details/sectorCode/CORP/entityId/1000034,Escala Nacional Brasil de Longo Prazo,brAA+,2025-07-25,2026-01-13,--,Stable,2025-07-25
2026-09-25,Braskem S.A.,https://brazil.ratings.spglobal.com/ratings/pt/regulatory/org-details/sectorCode/CORP/entityId/1001225,Escala Nacional Brasil de Longo Prazo,D,2026-06-26,2026-08-06,--,NM,2026-06-26
2026-09-25,Brava Energia S.A.,https://brazil.ratings.spglobal.com/ratings/pt/regulatory/org-details/sectorCode/CORP/entityId/1000914,Escala Nacional Brasil de Longo Prazo,brAA,2026-09-01,2026-09-01,--,Positive,2026-09-01
2026-09-25,C.Vale Cooperativa Agroindustrial,https://brazil.ratings.spglobal.com/ratings/pt/regulatory/org-details/sectorCode/CORP/entityId/1005821,Escala Nacional Brasil de Longo Prazo,brAA,2025-10-09,2026-08-04,--,Stable,2025-10-09
2026-09-25,GJA Industrias S.A.,https://brazil.ratings.spglobal.com/ratings/pt/regulatory/org-details/sectorCode/CORP/entityId/1000270,Escala Nacional Brasil de Longo Prazo,brBB-,2026-09-24,2026-09-24,--,Negative,2026-09-24
2026-09-25,Irani Papel e Embalagem S.A.,https://brazil.ratings.spglobal.com/ratings/pt/regulatory/org-details/sectorCode/CORP/entityId/1000476,Escala Nacional Brasil de Longo Prazo,brAA,2021-07-05,2026-06-01,--,Stable,2021-07-05
2026-09-25,Itapoa Terminais Portuarios S.A.,https://brazil.ratings.spglobal.com/ratings/pt/regulatory/org-details/sectorCode/UTIL/entityId/1000835,Escala Nacional Brasil de Longo Prazo,brAAA,2026-07-06,2026-08-13,--,Stable,2026-07-06
2026-09-25,Itau Asset Management,https://brazil.ratings.spglobal.com/ratings/pt/regulatory/org-details/sectorCode/FI/entityId/1004289,Classificação de Práticas de Administração de Recursos de Terceiros,brAMP1,2025-10-28,2026-05-15,--,,
2026-09-25,Itausa S.A.,https://brazil.ratings.spglobal.com/ratings/pt/regulatory/org-details/sectorCode/FI/entityId/1000382,Escala Nacional Brasil de Longo Prazo,brAAA,2023-07-11,2026-07-14,--,Stable,2023-07-11
2026-09-25,Klabin S.A.,https://brazil.ratings.spglobal.com/ratings/pt/regulatory/org-details/sectorCode/CORP/entityId/1000312,Escala Nacional Brasil de Longo Prazo,brAAA,2017-08-16,2026-05-29,--,Stable,2017-08-16
2026-09-25,Planagri S.A.,https://brazil.ratings.spglobal.com/ratings/pt/regulatory/org-details/sectorCode/CORP/entityId/1000075,Escala Nacional Brasil de Longo Prazo,brAAA,2024-08-05,2026-08-27,--,Stable,2024-08-05
2026-09-25,Plano & Plano Desenvolvimento Imobiliario S.A.,https://brazil.ratings.spglobal.com/ratings/pt/regulatory/org-details/sectorCode/CORP/entityId/1001015,Escala Nacional Brasil de Longo Prazo,brAA+,2024-07-29,2026-01-13,--,Stable,2024-07-29
2026-09-25,Qualicorp Consultoria e Corretora de Seguros S.A.,https://brazil.ratings.spglobal.com/ratings/pt/regulatory/org-details/sectorCode/CORP/entityId/1000822,Escala Nacional Brasil de Longo Prazo,brAA,2026-03-11,2026-08-10,--,Stable,2026-03-11
2026-09-25,Stark Bank S.A. - Instituição de Pagamento,https://brazil.ratings.spglobal.com/ratings/pt/regulatory/org-details/sectorCode/FI/entityId/1005822,Escala Nacional Brasil de Longo Prazo,brA-,2026-02-06,2026-07-17,--,Stable,2026-02-06
2026-09-25,V.Tal Rede Neutra e Telecomunicacoes S.A.,https://brazil.ratings.spglobal.com/ratings/pt/regulatory/org-details/sectorCode/CORP/entityId/1000455,Escala Nacional Brasil de Longo Prazo,brAA,2026-04-10,2026-06-25,--,Stable,2026-04-10
2026-09-25,Via Appia Concessoes S.A.,https://brazil.ratings.spglobal.com/ratings/pt/regulatory/org-details/sectorCode/UTIL/entityId/1000477,Escala Nacional Brasil de Longo Prazo,brAA+,2024-10-01,2026-08-19,--,Stable,2026-05-08
2026-09-25,Via Paulista S.A.,https://brazil.ratings.spglobal.com/ratings/pt/regulatory/org-details/sectorCode/CORP/entityId/1001390,Escala Nacional Brasil de Longo Prazo,brAAA,2019-04-18,2026-08-19,--,Stable,2019-04-18
2026-09-25,Cocal Comercio Industria Canaa Acucar e Alcool S.A.,https://brazil.ratings.spglobal.com/ratings/pt/regulatory/org-details/sectorCode/CORP/entityId/1000716,Escala Nacional Brasil de Longo Prazo,brAA+,2018-07-11,2026-05-26,--,Stable,2026-05-26
2026-09-25,Copacol - Cooperativa Agroindustrial Consolata,https://brazil.ratings.spglobal.com/ratings/pt/regulatory/org-details/sectorCode/CORP/entityId/1008381,Escala Nacional Brasil de Longo Prazo,brAA-,2026-01-20,2026-08-04,--,Stable,2026-01-20
2026-09-25,Equatorial Alagoas Distribuidora de Energia S.A.,https://brazil.ratings.spglobal.com/ratings/pt/regulatory/org-details/sectorCode/UTIL/entityId/1001357,Escala Nacional Brasil de Longo Prazo,brAAA,2022-09-29,2026-08-20,--,Stable,2022-09-29
2026-09-25,Equatorial Maranhao Distribuidora de Energia S.A.,https://brazil.ratings.spglobal.com/ratings/pt/regulatory/org-details/sectorCode/UTIL/entityId/1000709,Escala Nacional Brasil de Longo Prazo,brAAA,2020-02-11,2026-08-20,--,Stable,2020-02-11
2026-09-25,Equatorial Para Distribuidora de Energia S.A.,https://brazil.ratings.spglobal.com/ratings/pt/regulatory/org-details/sectorCode/UTIL/entityId/1000606,Escala Nacional Brasil de Longo Prazo,brAAA,2018-07-11,2026-08-20,--,Stable,2018-07-11
2026-09-25,Equatorial S.A.,https://brazil.ratings.spglobal.com/ratings/pt/regulatory/org-details/sectorCode/UTIL/entityId/1000514,Escala Nacional Brasil de Longo Prazo,brAAA,2018-07-11,2026-08-20,--,Stable,2018-07-11
2026-09-25,Giga Mais Fibra Telecomunicacoes S.A.,https://brazil.ratings.spglobal.com/ratings/pt/regulatory/org-details/sectorCode/CORP/entityId/1000208,Escala Nacional Brasil de Longo Prazo,brA-,2025-12-01,2026-06-25,--,Negative,2025-12-01
2026-09-25,Igua Saneamento S.A.,https://brazil.ratings.spglobal.com/ratings/pt/regulatory/org-details/sectorCode/UTIL/entityId/1001010,Escala Nacional Brasil de Longo Prazo,brA,2024-05-28,2026-08-21,--,Stable,2024-12-16
2026-09-25,Localiza Rent a Car S.A.,https://brazil.ratings.spglobal.com/ratings/pt/regulatory/org-details/sectorCode/CORP/entityId/1001190,Escala Nacional Brasil de Longo Prazo,brAAA,2017-08-16,2026-08-11,--,Stable,2018-01-12
2026-09-25,Lojas Renner S.A.,https://brazil.ratings.spglobal.com/ratings/pt/regulatory/org-details/sectorCode/CORP/entityId/1001461,Escala Nacional Brasil de Longo Prazo,brAAA,2017-08-16,2026-05-20,--,Stable,2021-05-04
2026-09-25,Minas Gerais (State of),https://brazil.ratings.spglobal.com/ratings/pt/regulatory/org-details/sectorCode/GOVS/entityId/1000540,Escala Nacional Brasil de Longo Prazo,brBB+,2025-10-22,2026-07-14,--,Positive,2025-10-22
2026-09-25,Suzano S.A.,https://brazil.ratings.spglobal.com/ratings/pt/regulatory/org-details/sectorCode/CORP/entityId/1000164,Escala Nacional Brasil de Longo Prazo,brAAA,2017-08-16,2026-05-29,--,Stable,2017-08-16
2026-09-25,BR Partners Banco de Investimento S.A.,https://brazil.ratings.spglobal.com/ratings/pt/regulatory/org-details/sectorCode/FI/entityId/1000296,Escala Nacional Brasil de Longo Prazo,brAA,2025-02-10,2026-07-03,--,Stable,2025-02-10
2026-09-25,BRK Ambiental Participacoes S.A.,https://brazil.ratings.spglobal.com/ratings/pt/regulatory/org-details/sectorCode/UTIL/entityId/1001196,Escala Nacional Brasil de Longo Prazo,brA+,2026-07-10,2026-08-21,--,Negative,2026-07-10
2026-09-25,Brisanet Servicos de Telecomunicacoes S.A.,https://brazil.ratings.spglobal.com/ratings/pt/regulatory/org-details/sectorCode/CORP/entityId/1001088,Escala Nacional Brasil de Longo Prazo,brAA-,2025-04-28,2026-06-25,--,Stable,2025-04-28
2026-09-25,Cereal Comercio Exportacao e Representacao Agropecuaria S.A.,https://brazil.ratings.spglobal.com/ratings/pt/regulatory/org-details/sectorCode/CORP/entityId/1001126,Escala Nacional Brasil de Longo Prazo,brAA,2026-05-21,2026-05-21,--,Stable,2026-05-21
2026-09-25,Cerradinho Bioenergia S.A.,https://brazil.ratings.spglobal.com/ratings/pt/regulatory/org-details/sectorCode/CORP/entityId/1000912,Escala Nacional Brasil de Longo Prazo,brAA,2021-11-19,2026-06-25,--,Stable,2025-02-27
2026-09-25,Cerradinho Bioenergia S.A.,https://brazil.ratings.spglobal.com/ratings/pt/regulatory/org-details/sectorCode/CORP/entityId/1000912,Escala Nacional Brasil de Curto Prazo,brA-1+,2020-04-13,2026-06-25,--,,
2026-09-25,Cogna Educacao S.A,https://brazil.ratings.spglobal.com/ratings/pt/regulatory/org-details/sectorCode/CORP/entityId/1000228,Escala Nacional Brasil de Longo Prazo,brAA+,2021-07-07,2026-07-03,--,Positive,2025-09-02
2026-09-25,Companhia Energetica de Minas Gerais - CEMIG,https://brazil.ratings.spglobal.com/ratings/pt/regulatory/org-details/sectorCode/UTIL/entityId/1000831,Escala Nacional Brasil de Longo Prazo,brAAA,2026-08-18,2026-08-18,--,Stable,2026-08-18
2026-09-25,Companhia Energetica de Pernambuco (CELPE),https://brazil.ratings.spglobal.com/ratings/pt/regulatory/org-details/sectorCode/UTIL/entityId/1000676,Escala Nacional Brasil de Longo Prazo,brAAA,2018-07-11,2026-08-20,--,Stable,2018-07-11
2026-09-25,Companhia Energetica do Rio Grande do Norte,https://brazil.ratings.spglobal.com/ratings/pt/regulatory/org-details/sectorCode/UTIL/entityId/1001421,Escala Nacional Brasil de Longo Prazo,brAAA,2018-07-11,2026-08-20,--,Stable,2018-07-11
2026-09-25,Companhia Riograndense de Saneamento S.A.,https://brazil.ratings.spglobal.com/ratings/pt/regulatory/org-details/sectorCode/UTIL/entityId/1000032,Escala Nacional Brasil de Longo Prazo,brA,2026-04-20,2026-08-21,--,Negative,2026-04-20
2026-09-25,Companhia Siderurgica Nacional,https://brazil.ratings.spglobal.com/ratings/pt/regulatory/org-details/sectorCode/CORP/entityId/1001493,Escala Nacional Brasil de Longo Prazo,brA-,2026-03-18,2026-07-06,--,Negative,2026-03-18
2026-09-25,Companhia de Eletricidade do Estado da Bahia,https://brazil.ratings.spglobal.com/ratings/pt/regulatory/org-details/sectorCode/UTIL/entityId/1001209,Escala Nacional Brasil de Longo Prazo,brAAA,2018-07-11,2026-08-20,--,Stable,2018-07-11
2026-09-25,Companhia de Saneamento Basico do Estado de Sao Paulo,https://brazil.ratings.spglobal.com/ratings/pt/regulatory/org-details/sectorCode/UTIL/entityId/1000306,Escala Nacional Brasil de Longo Prazo,brAAA,2018-07-11,2026-08-21,--,Stable,2021-12-06
2026-09-25,ENEVA S.A.,https://brazil.ratings.spglobal.com/ratings/pt/regulatory/org-details/sectorCode/UTIL/entityId/1000433,Escala Nacional Brasil de Longo Prazo,brAAA,2019-04-22,2026-08-20,--,Stable,2024-04-30
2026-09-25,Emccamp Residencial S.A.,https://brazil.ratings.spglobal.com/ratings/pt/regulatory/org-details/sectorCode/CORP/entityId/1001087,Escala Nacional Brasil de Longo Prazo,brA+,2026-09-09,2026-09-09,--,Stable,2026-09-09
2026-09-25,Ferrari Agroindustria S.A.,https://brazil.ratings.spglobal.com/ratings/pt/regulatory/org-details/sectorCode/CORP/entityId/1000090,Escala Nacional Brasil de Longo Prazo,brAA-,2026-01-28,2026-06-25,--,Stable,2026-01-28
2026-09-25,Gerdau S.A.,https://brazil.ratings.spglobal.com/ratings/pt/regulatory/org-details/sectorCode/CORP/entityId/1001212,Escala Nacional Brasil de Longo Prazo,brAAA,2007-06-04,2026-07-02,--,Stable,2017-08-16
2026-09-25,Goncalves & Tortola S.A.,https://brazil.ratings.spglobal.com/ratings/pt/regulatory/org-details/sectorCode/CORP/entityId/1000659,Escala Nacional Brasil de Longo Prazo,brA,2025-04-07,2026-08-04,--,Stable,2025-04-07
2026-09-25,Ligga Telecomunicacoes S.A.,https://brazil.ratings.spglobal.com/ratings/pt/regulatory/org-details/sectorCode/CORP/entityId/1000182,Escala Nacional Brasil de Longo Prazo,SD,2026-03-23,2026-06-25,--,NM,2026-03-23
2026-09-25,Moura Dubeux Engenharia S.A.,https://brazil.ratings.spglobal.com/ratings/pt/regulatory/org-details/sectorCode/CORP/entityId/1000518,Escala Nacional Brasil de Longo Prazo,brAA,2025-10-07,2026-07-02,--,Stable,2025-10-07
2026-09-25,Prolagos S.A. - Concessionaria de Servicos Publicos de Agua e Esgoto (Prolagos),https://brazil.ratings.spglobal.com/ratings/pt/regulatory/org-details/sectorCode/UTIL/entityId/1000452,Escala Nacional Brasil de Longo Prazo,brA,2026-04-20,2026-08-21,--,Negative,2026-04-20
2026-09-25,SLC Agricola S/A,https://brazil.ratings.spglobal.com/ratings/pt/regulatory/org-details/sectorCode/CORP/entityId/1000295,Escala Nacional Brasil de Longo Prazo,brAA-,2026-07-22,2026-07-22,--,Stable,2026-07-22
2026-09-25,Simpar S.A.,https://brazil.ratings.spglobal.com/ratings/pt/regulatory/org-details/sectorCode/CORP/entityId/1001409,Escala Nacional Brasil de Longo Prazo,brAA+,2020-08-06,2026-07-21,--,Stable,2024-09-18
2026-09-25,Sul America Investimentos DTVM S.A.,https://brazil.ratings.spglobal.com/ratings/pt/regulatory/org-details/sectorCode/FI/entityId/1000200,Classificação de Práticas de Administração de Recursos de Terceiros,brAMP1,2025-10-28,2026-05-15,--,,
2026-09-25,Ultrafertil S.A.,https://brazil.ratings.spglobal.com/ratings/pt/regulatory/org-details/sectorCode/CORP/entityId/1000513,Escala Nacional Brasil de Longo Prazo,brAAA,2026-01-30,2026-01-30,--,Stable,2026-01-30
2026-09-25,Ultrapar Participacoes S.A.,https://brazil.ratings.spglobal.com/ratings/pt/regulatory/org-details/sectorCode/CORP/entityId/1000846,Escala Nacional Brasil de Longo Prazo,brAAA,2017-08-16,2026-08-06,--,Stable,2018-01-12
2026-09-25,Usina Batatais SA - Acucar e Alcool,https://brazil.ratings.spglobal.com/ratings/pt/regulatory/org-details/sectorCode/CORP/entityId/1000810,Escala Nacional Brasil de Longo Prazo,brAA-,2026-05-15,2026-05-15,--,Negative,2026-05-15
2026-09-25,Usina Santa Adelia S.A.,https://brazil.ratings.spglobal.com/ratings/pt/regulatory/org-details/sectorCode/CORP/entityId/1000567,Escala Nacional Brasil de Longo Prazo,brAA-,2022-01-07,2026-06-25,--,Stable,2025-11-19
2026-09-25,Usina Sao Jose da Estiva S/A Acucar e Alcool,https://brazil.ratings.spglobal.com/ratings/pt/regulatory/org-details/sectorCode/CORP/entityId/1000836,Escala Nacional Brasil de Longo Prazo,brA,2024-12-23,2026-06-25,--,Stable,2024-12-23
2026-09-25,Usinas Itamarati S.A.,https://brazil.ratings.spglobal.com/ratings/pt/regulatory/org-details/sectorCode/CORP/entityId/1000520,Escala Nacional Brasil de Longo Prazo,brBBB+,2024-07-03,2026-06-25,--,Stable,2024-07-03
2026-09-25,Usinas Siderurgicas de Minas Gerais S.A.,https://brazil.ratings.spglobal.com/ratings/pt/regulatory/org-details/sectorCode/CORP/entityId/1000821,Escala Nacional Brasil de Longo Prazo,brAAA,2021-09-15,2026-07-02,--,Stable,2021-09-15
2026-09-25,BRF S.A.,https://brazil.ratings.spglobal.com/ratings/pt/regulatory/org-details/sectorCode/CORP/entityId/1000587,Escala Nacional Brasil de Longo Prazo,brAAA,2024-06-06,2026-08-04,--,Negative,2026-05-20
2026-09-25,BTG Pactual Seguros S.A.,https://brazil.ratings.spglobal.com/ratings/pt/regulatory/org-details/sectorCode/INS/entityId/1001233,Escala Nacional Brasil de Longo Prazo,brAAA,2021-06-09,2026-07-22,--,Stable,2021-06-09
2026-09-25,Cyrela Brazil Realty S.A. Empreendimentos e Participacoes,https://brazil.ratings.spglobal.com/ratings/pt/regulatory/org-details/sectorCode/CORP/entityId/1001480,Escala Nacional Brasil de Longo Prazo,brAAA,2018-07-11,2026-01-13,--,Stable,2018-07-11
2026-09-25,EMS S.A.,https://brazil.ratings.spglobal.com/ratings/pt/regulatory/org-details/sectorCode/CORP/entityId/1000062,Escala Nacional Brasil de Longo Prazo,brAAA,2022-04-29,2026-08-24,--,Stable,2022-04-29
2026-09-25,Equipav Saneamento S.A.,https://brazil.ratings.spglobal.com/ratings/pt/regulatory/org-details/sectorCode/UTIL/entityId/1001511,Escala Nacional Brasil de Longo Prazo,brA,2026-04-24,2026-08-21,--,Negative,2026-04-24
2026-09-25,Hypera S.A.,https://brazil.ratings.spglobal.com/ratings/pt/regulatory/org-details/sectorCode/CORP/entityId/1000362,Escala Nacional Brasil de Longo Prazo,brAA+,2025-04-09,2026-08-10,--,Stable,2025-04-09
2026-09-25,JBS S.A.,https://brazil.ratings.spglobal.com/ratings/pt/regulatory/org-details/sectorCode/CORP/entityId/1000855,Escala Nacional Brasil de Longo Prazo,brAAA,2019-10-30,2026-08-04,--,Stable,2019-10-30
2026-09-25,JSL S.A.,https://brazil.ratings.spglobal.com/ratings/pt/regulatory/org-details/sectorCode/CORP/entityId/1001116,Escala Nacional Brasil de Longo Prazo,brAA+,2023-03-30,2026-07-21,--,Stable,2023-03-30
2026-09-25,LM Transportes Interestaduais Servicos e Comercio S.A.,https://brazil.ratings.spglobal.com/ratings/pt/regulatory/org-details/sectorCode/CORP/entityId/1000747,Escala Nacional Brasil de Longo Prazo,brAA+,2022-04-12,2026-08-11,--,Stable,2022-04-12
2026-09-25,Lins Agroindustrial S.A.,https://brazil.ratings.spglobal.com/ratings/pt/regulatory/org-details/sectorCode/CORP/entityId/1001195,Escala Nacional Brasil de Longo Prazo,brA+,2024-09-03,2026-06-25,--,Stable,2024-09-03
2026-09-25,Motiva Infraestrutura de Mobilidade S.A.,https://brazil.ratings.spglobal.com/ratings/pt/regulatory/org-details/sectorCode/CORP/entityId/1001004,Escala Nacional Brasil de Longo Prazo,brAAA,2018-07-11,2026-08-19,--,Stable,2018-07-11
2026-09-25,Movida Participacoes S.A.,https://brazil.ratings.spglobal.com/ratings/pt/regulatory/org-details/sectorCode/CORP/entityId/1001084,Escala Nacional Brasil de Longo Prazo,brAA+,2021-07-28,2026-07-21,--,Stable,2022-12-16
2026-09-25,Sonora Estancia S.A.,https://brazil.ratings.spglobal.com/ratings/pt/regulatory/org-details/sectorCode/CORP/entityId/1001487,Escala Nacional Brasil de Longo Prazo,brA,2023-11-13,2026-06-25,--,Stable,2023-11-13
2026-09-25,UHE Sao Simao Energia S.A.,https://brazil.ratings.spglobal.com/ratings/pt/regulatory/org-details/sectorCode/UTIL/entityId/1000748,Escala Nacional Brasil de Longo Prazo,brAA+,2024-04-30,2026-08-20,--,Stable,2025-07-10
2026-09-25,Votorantim S.A.,https://brazil.ratings.spglobal.com/ratings/pt/regulatory/org-details/sectorCode/CORP/entityId/1000359,Escala Nacional Brasil de Longo Prazo,brAAA,2017-08-16,2026-08-31,--,Stable,2018-01-12
2026-09-25,BNDESPar-BNDES Participacoes S.A.,https://brazil.ratings.spglobal.com/ratings/pt/regulatory/org-details/sectorCode/FI/entityId/1001283,Escala Nacional Brasil de Longo Prazo,brAAA,2018-07-11,2026-04-16,--,Stable,2018-07-11
2026-09-25,Bem Brasil Alimentos S.A.,https://brazil.ratings.spglobal.com/ratings/pt/regulatory/org-details/sectorCode/CORP/entityId/1001510,Escala Nacional Brasil de Longo Prazo,brAA,2024-04-23,2026-08-20,--,Stable,2024-04-23
2026-09-25,Cooperativa de Credito Unicred Uniao Ltda.,https://brazil.ratings.spglobal.com/ratings/pt/regulatory/org-details/sectorCode/FI/entityId/1005842,Escala Nacional Brasil de Longo Prazo,brA,2026-02-10,2026-02-10,--,Stable,2026-02-10
2026-09-25,IRB-Brasil Resseguros S.A.,https://brazil.ratings.spglobal.com/ratings/pt/regulatory/org-details/sectorCode/INS/entityId/1000593,Escala Nacional Brasil de Longo Prazo,brAAA,2025-09-10,2026-07-22,--,Stable,2025-09-10
2026-09-25,Integracao Transmissora de Energia S.A.,https://brazil.ratings.spglobal.com/ratings/pt/regulatory/org-details/sectorCode/UTIL/entityId/1001018,Escala Nacional Brasil de Longo Prazo,brAAA,2018-12-05,2026-07-24,--,Stable,2025-07-23
2026-09-25,Minerva S.A.,https://brazil.ratings.spglobal.com/ratings/pt/regulatory/org-details/sectorCode/CORP/entityId/1000071,Escala Nacional Brasil de Longo Prazo,brAAA,2020-10-15,2026-08-04,--,Stable,2020-10-15
2026-09-25,"Nu Financeira S.A. - Sociedade de Credito, Financiamento e Investimento",https://brazil.ratings.spglobal.com/ratings/pt/regulatory/org-details/sectorCode/FI/entityId/1000913,Escala Nacional Brasil de Longo Prazo,brAAA,2024-04-30,2026-04-16,--,Stable,2024-04-30
2026-09-25,"Nu Financeira S.A. - Sociedade de Credito, Financiamento e Investimento",https://brazil.ratings.spglobal.com/ratings/pt/regulatory/org-details/sectorCode/FI/entityId/1000913,Escala Nacional Brasil de Curto Prazo,brA-1+,2021-06-30,2026-04-16,--,,
2026-09-25,Omni Banco S.A.,https://brazil.ratings.spglobal.com/ratings/pt/regulatory/org-details/sectorCode/FI/entityId/1001152,Escala Nacional Brasil de Longo Prazo,brA-,2023-07-18,2026-06-08,--,Negative,2023-07-18
2026-09-25,Omni S.A. - Credito Financiamento e Investimento,https://brazil.ratings.spglobal.com/ratings/pt/regulatory/org-details/sectorCode/FI/entityId/1000163,Escala Nacional Brasil de Longo Prazo,brA-,2023-07-18,2026-06-08,--,Negative,2023-07-18
2026-09-25,Prio S.A.,https://brazil.ratings.spglobal.com/ratings/pt/regulatory/org-details/sectorCode/CORP/entityId/1000095,Escala Nacional Brasil de Longo Prazo,brAAA,2025-11-13,2025-11-13,--,Stable,2025-11-13
2026-09-25,Prio S.A.,https://brazil.ratings.spglobal.com/ratings/pt/regulatory/org-details/sectorCode/CORP/entityId/1000095,Escala Nacional Brasil de Curto Prazo,brA-1+,2021-11-17,2025-11-13,--,,
2026-09-25,Rio Bravo Investimentos Holding S.A.,https://brazil.ratings.spglobal.com/ratings/pt/regulatory/org-details/sectorCode/FI/entityId/1000188,Classificação de Práticas de Administração de Recursos de Terceiros,brAMP2,2025-10-28,2026-05-15,--,,
2026-09-25,Rodovias das Colinas S.A.,https://brazil.ratings.spglobal.com/ratings/pt/regulatory/org-details/sectorCode/CORP/entityId/1000313,Escala Nacional Brasil de Longo Prazo,brAA+,2018-07-11,2026-08-19,--,Stable,2026-05-08
2026-09-25,Rumo S.A.,https://brazil.ratings.spglobal.com/ratings/pt/regulatory/org-details/sectorCode/CORP/entityId/1000139,Escala Nacional Brasil de Longo Prazo,brAA-,2026-07-08,2026-07-08,--,Negative,2026-07-08
2026-09-25,Rumo S.A.,https://brazil.ratings.spglobal.com/ratings/pt/regulatory/org-details/sectorCode/CORP/entityId/1000139,Escala Nacional Brasil de Curto Prazo,brA-1+,2018-07-11,2026-07-08,--,,
2026-09-25,Tupy S.A.,https://brazil.ratings.spglobal.com/ratings/pt/regulatory/org-details/sectorCode/CORP/entityId/1000474,Escala Nacional Brasil de Longo Prazo,brAA,2026-03-20,2026-07-02,--,Negative,2026-03-20
2026-09-25,Voke S.A.,https://brazil.ratings.spglobal.com/ratings/pt/regulatory/org-details/sectorCode/CORP/entityId/1000210,Escala Nacional Brasil de Longo Prazo,brCCC,2026-06-11,2026-07-28,--,Negative,2026-06-11
2026-09-25,BRB - Banco de Brasilia S.A.,https://brazil.ratings.spglobal.com/ratings/pt/regulatory/org-details/sectorCode/FI/entityId/1000364,Escala Nacional Brasil de Longo Prazo,brCCC+,2026-05-27,2026-05-27,--,Watch Dev,2026-05-27
2026-09-25,BRB - Banco de Brasilia S.A.,https://brazil.ratings.spglobal.com/ratings/pt/regulatory/org-details/sectorCode/FI/entityId/1000364,Escala Nacional Brasil de Curto Prazo,brC,2026-05-27,2026-05-27,--,Watch Dev,2026-05-27
2026-09-25,Dimed S.A. Distribuidora de Medicamentos,https://brazil.ratings.spglobal.com/ratings/pt/regulatory/org-details/sectorCode/CORP/entityId/1001328,Escala Nacional Brasil de Longo Prazo,brAA,2024-10-04,2026-05-20,--,Stable,2024-10-04
2026-09-25,Empirica Soberano - Fundo de Investimento Renda Fixa Referenciado DI,https://brazil.ratings.spglobal.com/ratings/pt/regulatory/org-details/sectorCode/FUNDS/entityId/10000048,Escala Nacional Brasil de Longo Prazo,brAAAf,2023-03-29,2026-06-16,--,,
2026-09-25,Energisa Paraiba-Distribuidora de Energia S.A.,https://brazil.ratings.spglobal.com/ratings/pt/regulatory/org-details/sectorCode/UTIL/entityId/1000708,Escala Nacional Brasil de Longo Prazo,brAAA,2018-07-11,2026-08-20,--,Stable,2018-07-11
2026-09-25,Energisa S.A.,https://brazil.ratings.spglobal.com/ratings/pt/regulatory/org-details/sectorCode/UTIL/entityId/1000328,Escala Nacional Brasil de Longo Prazo,brAAA,2018-07-11,2026-08-20,--,Stable,2018-07-11
2026-09-25,Energisa Sergipe-Distribuidora de Energia S.A.,https://brazil.ratings.spglobal.com/ratings/pt/regulatory/org-details/sectorCode/UTIL/entityId/1000311,Escala Nacional Brasil de Longo Prazo,brAAA,2018-07-11,2026-08-20,--,Stable,2018-07-11
2026-09-25,Multiplan Empreendimentos Imobiliarios S.A.,https://brazil.ratings.spglobal.com/ratings/pt/regulatory/org-details/sectorCode/CORP/entityId/1001007,Escala Nacional Brasil de Longo Prazo,brAAA,2017-08-16,2026-05-29,--,Stable,2018-01-12
2026-09-25,SPIC Brasil Energia Participacoes S.A.,https://brazil.ratings.spglobal.com/ratings/pt/regulatory/org-details/sectorCode/UTIL/entityId/1000117,Escala Nacional Brasil de Longo Prazo,brAA+,2024-04-30,2026-08-20,--,Stable,2025-07-10
2026-09-25,Tereos Acucar & Energia Brasil SA,https://brazil.ratings.spglobal.com/ratings/pt/regulatory/org-details/sectorCode/CORP/entityId/1000165,Escala Nacional Brasil de Longo Prazo,brAA-,2026-06-10,2026-06-10,--,Stable,2026-06-10
2026-09-25,Tigre S.A. Participacoes,https://brazil.ratings.spglobal.com/ratings/pt/regulatory/org-details/sectorCode/CORP/entityId/1000030,Escala Nacional Brasil de Longo Prazo,brAA+,2021-10-05,2026-02-06,--,Stable,2026-02-06
2026-09-25,Tivio Capital DTVM S.A.,https://brazil.ratings.spglobal.com/ratings/pt/regulatory/org-details/sectorCode/FI/entityId/1000439,Classificação de Práticas de Administração de Recursos de Terceiros,brAMP1,2025-10-28,2026-05-15,--,,
2026-09-25,YDUQS Participacoes S.A.,https://brazil.ratings.spglobal.com/ratings/pt/regulatory/org-details/sectorCode/CORP/entityId/1000564,Escala Nacional Brasil de Longo Prazo,brAAA,2018-07-11,2026-07-03,--,Stable,2018-07-11
2026-09-25,Direcional Engenharia S.A.,https://brazil.ratings.spglobal.com/ratings/pt/regulatory/org-details/sectorCode/CORP/entityId/1000780,Escala Nacional Brasil de Longo Prazo,brAAA,2021-03-16,2026-01-13,--,Stable,2021-03-16
2026-09-25,Hedge Brasil Shopping Fundo De Investimento Imobiliario De Responsabilidade Limitada,https://brazil.ratings.spglobal.com/ratings/pt/regulatory/org-details/sectorCode/CORP/entityId/1001055,Escala Nacional Brasil de Longo Prazo,brAA+,2024-11-06,2026-05-29,--,Stable,2024-11-06
2026-09-25,Iochpe-Maxion S.A.,https://brazil.ratings.spglobal.com/ratings/pt/regulatory/org-details/sectorCode/CORP/entityId/1000847,Escala Nacional Brasil de Longo Prazo,brAAA,2024-03-04,2026-07-02,--,Stable,2024-03-04
2026-09-25,Orizon Valorizacao de Residuos S.A.,https://brazil.ratings.spglobal.com/ratings/pt/regulatory/org-details/sectorCode/UTIL/entityId/1000779,Escala Nacional Brasil de Longo Prazo,brAA+,2022-10-17,2026-08-28,--,Stable,2026-08-28
2026-09-25,Redwood Administracao de Recursos Ltda.,https://brazil.ratings.spglobal.com/ratings/pt/regulatory/org-details/sectorCode/FI/entityId/1008743,Classificação de Práticas de Administração de Recursos de Terceiros,brAMP3,2025-10-28,2026-05-15,--,,
2026-09-25,Republica Federativa do Brasil,https://brazil.ratings.spglobal.com/ratings/pt/regulatory/org-details/sectorCode/SOV/entityId/1000872,Escala Nacional Brasil de Longo Prazo,brAAA,2018-07-11,2026-07-15,--,Stable,2018-07-11
2026-09-25,Trisul S.A.,https://brazil.ratings.spglobal.com/ratings/pt/regulatory/org-details/sectorCode/CORP/entityId/1001498,Escala Nacional Brasil de Longo Prazo,brAA-,2025-07-03,2026-01-13,--,Stable,2025-07-03
2026-09-25,CESP-Companhia Energetica de Sao Paulo,https://brazil.ratings.spglobal.com/ratings/pt/regulatory/org-details/sectorCode/UTIL/entityId/1000655,Escala Nacional Brasil de Longo Prazo,brAAA,2018-07-11,2026-08-20,--,Stable,2024-11-22
2026-09-25,CSN Mineracao S.A.,https://brazil.ratings.spglobal.com/ratings/pt/regulatory/org-details/sectorCode/CORP/entityId/1000637,Escala Nacional Brasil de Longo Prazo,brA-,2026-03-18,2026-07-06,--,Negative,2026-03-18
2026-09-25,Cemig Geracao e Transmissao S.A.,https://brazil.ratings.spglobal.com/ratings/pt/regulatory/org-details/sectorCode/UTIL/entityId/1001078,Escala Nacional Brasil de Longo Prazo,brAAA,2026-08-18,2026-08-18,--,Stable,2026-08-18
2026-09-25,"DM Sociedade de Credito, Financiamento e Investimento S.A.",https://brazil.ratings.spglobal.com/ratings/pt/regulatory/org-details/sectorCode/FI/entityId/1008530,Escala Nacional Brasil de Longo Prazo,brBBB,2026-04-27,2026-04-27,--,Stable,2026-04-27
2026-09-25,Desktop S.A.,https://brazil.ratings.spglobal.com/ratings/pt/regulatory/org-details/sectorCode/CORP/entityId/1000918,Escala Nacional Brasil de Longo Prazo,brA+,2024-04-26,2026-06-25,--,Watch Pos,2026-03-24
2026-09-25,EcoRioMinas Concessionaria de Rodovias S.A.,https://brazil.ratings.spglobal.com/ratings/pt/regulatory/org-details/sectorCode/UTIL/entityId/1000616,Escala Nacional Brasil de Longo Prazo,brAA+,2025-05-15,2026-08-19,--,Stable,2025-05-15
2026-09-25,Ecorodovias Concessoes e Servicos S.A.,https://brazil.ratings.spglobal.com/ratings/pt/regulatory/org-details/sectorCode/CORP/entityId/1000636,Escala Nacional Brasil de Longo Prazo,brAAA,2018-07-11,2026-08-19,--,Stable,2019-03-22
2026-09-25,Mills Locacao Servicos e Logistica S.A.,https://brazil.ratings.spglobal.com/ratings/pt/regulatory/org-details/sectorCode/CORP/entityId/1000715,Escala Nacional Brasil de Longo Prazo,brAA,2026-08-11,2026-08-11,--,Stable,2026-08-11
2026-09-25,Mills Locacao Servicos e Logistica S.A.,https://brazil.ratings.spglobal.com/ratings/pt/regulatory/org-details/sectorCode/CORP/entityId/1000715,Escala Nacional Brasil de Curto Prazo,brA-1+,2022-08-15,2026-08-11,--,,
2026-09-25,Neoenergia Distribuicao Brasilia S.A.,https://brazil.ratings.spglobal.com/ratings/pt/regulatory/org-details/sectorCode/UTIL/entityId/1000602,Escala Nacional Brasil de Longo Prazo,brAAA,2022-06-17,2026-08-20,--,Stable,2022-06-17
2026-09-25,Neoenergia S.A.,https://brazil.ratings.spglobal.com/ratings/pt/regulatory/org-details/sectorCode/UTIL/entityId/1001208,Escala Nacional Brasil de Longo Prazo,brAAA,2018-07-11,2026-08-20,--,Stable,2018-07-11
2026-09-25,Neoenergia S.A.,https://brazil.ratings.spglobal.com/ratings/pt/regulatory/org-details/sectorCode/UTIL/entityId/1001208,Escala Nacional Brasil de Curto Prazo,brA-1+,2017-08-16,2026-08-20,--,,
2026-09-25,Tecnologia Bancaria S.A.,https://brazil.ratings.spglobal.com/ratings/pt/regulatory/org-details/sectorCode/CORP/entityId/1001542,Escala Nacional Brasil de Longo Prazo,brAA,2021-04-09,2026-07-28,--,Stable,2021-04-09
2026-09-25,Telefonica Brasil S.A.,https://brazil.ratings.spglobal.com/ratings/pt/regulatory/org-details/sectorCode/CORP/entityId/1000777,Escala Nacional Brasil de Longo Prazo,brAAA,2011-09-16,2026-06-25,--,Stable,2017-08-16
2026-09-25,Concessionaria Auto Raposo Tavares S.A.,https://brazil.ratings.spglobal.com/ratings/pt/regulatory/org-details/sectorCode/CORP/entityId/1000772,Escala Nacional Brasil de Longo Prazo,brAA+,2025-12-10,2026-08-19,--,Stable,2025-12-10
2026-09-25,Concessionaria Ecovias dos Imigrantes S.A.,https://brazil.ratings.spglobal.com/ratings/pt/regulatory/org-details/sectorCode/CORP/entityId/1000539,Escala Nacional Brasil de Longo Prazo,brAAA,2018-07-11,2026-08-19,--,Stable,2019-03-22
2026-09-25,Concessionaria da Linha 4 do Metro de Sao Paulo S.A.,https://brazil.ratings.spglobal.com/ratings/pt/regulatory/org-details/sectorCode/UTIL/entityId/1008590,Escala Nacional Brasil de Longo Prazo,brAAA,2026-03-25,2026-08-19,--,Stable,2026-03-25
2026-09-25,Concessionaria da Rodovia MG-050 S.A.,https://brazil.ratings.spglobal.com/ratings/pt/regulatory/org-details/sectorCode/CORP/entityId/1000064,Escala Nacional Brasil de Longo Prazo,brAA,2021-05-27,2026-08-19,--,Stable,2026-05-08
2026-09-25,Concessionaria de Rodovias Noroeste Paulista S.A.,https://brazil.ratings.spglobal.com/ratings/pt/regulatory/org-details/sectorCode/UTIL/entityId/1004346,Escala Nacional Brasil de Longo Prazo,brAA+,2025-08-12,2026-08-19,--,Stable,2025-08-12
2026-09-25,Concessionaria de Rodovias do Interior Paulista S.A.,https://brazil.ratings.spglobal.com/ratings/pt/regulatory/org-details/sectorCode/UTIL/entityId/1000229,Escala Nacional Brasil de Longo Prazo,brAAA,2024-05-31,2026-08-19,--,Stable,2024-05-31
2026-09-25,Construtora Tenda S/A,https://brazil.ratings.spglobal.com/ratings/pt/regulatory/org-details/sectorCode/CORP/entityId/1000268,Escala Nacional Brasil de Longo Prazo,brAA-,2026-05-07,2026-05-07,--,Stable,2026-05-07
2026-09-25,EBT-Empresa Brasileira de Terminais e Armazens Gerais Ltda.,https://brazil.ratings.spglobal.com/ratings/pt/regulatory/org-details/sectorCode/CORP/entityId/1000658,Escala Nacional Brasil de Longo Prazo,brAAA,2020-03-04,2026-08-19,--,Stable,2020-03-04
2026-09-25,MRV Engenharia e Participacoes S.A.,https://brazil.ratings.spglobal.com/ratings/pt/regulatory/org-details/sectorCode/CORP/entityId/1001453,Escala Nacional Brasil de Longo Prazo,brA+,2024-03-19,2026-04-28,--,Stable,2024-03-19
2026-09-25,Vitru Educacao S.A.,https://brazil.ratings.spglobal.com/ratings/pt/regulatory/org-details/sectorCode/CORP/entityId/1000782,Escala Nacional Brasil de Longo Prazo,brAA-,2022-11-11,2026-07-08,--,Positive,2026-07-08
2026-09-25,CPFL Energia S.A.,https://brazil.ratings.spglobal.com/ratings/pt/regulatory/org-details/sectorCode/UTIL/entityId/1001207,Escala Nacional Brasil de Longo Prazo,brAAA,2018-07-11,2026-08-20,--,Stable,2018-07-11
2026-09-25,FS Industria De Biocombustiveis Ltda,https://brazil.ratings.spglobal.com/ratings/pt/regulatory/org-details/sectorCode/CORP/entityId/1001541,Escala Nacional Brasil de Longo Prazo,brAA-,2024-02-01,2026-07-28,--,Negative,2026-07-28
2026-09-25,Petroleo Brasileiro S.A. - Petrobras,https://brazil.ratings.spglobal.com/ratings/pt/regulatory/org-details/sectorCode/CORP/entityId/1000660,Escala Nacional Brasil de Longo Prazo,brAAA,2018-07-11,2026-08-06,--,Stable,2018-07-11
2026-09-25,Rede D'Or Sao Luiz S.A.,https://brazil.ratings.spglobal.com/ratings/pt/regulatory/org-details/sectorCode/CORP/entityId/1000330,Escala Nacional Brasil de Longo Prazo,brAAA,2018-07-11,2026-08-10,--,Stable,2018-07-11
2026-09-25,Bioenergetica Vale do Paracatu S.A.,https://brazil.ratings.spglobal.com/ratings/pt/regulatory/org-details/sectorCode/CORP/entityId/1001194,Escala Nacional Brasil de Longo Prazo,brBBB+,2025-04-29,2026-06-25,--,Positive,2025-04-29
2026-09-25,LOG Commercial Properties e Participacoes S.A.,https://brazil.ratings.spglobal.com/ratings/pt/regulatory/org-details/sectorCode/CORP/entityId/1000516,Escala Nacional Brasil de Longo Prazo,brAA+,2021-07-27,2026-05-29,--,Stable,2021-07-27
2026-09-25,MRS Logistica S.A.,https://brazil.ratings.spglobal.com/ratings/pt/regulatory/org-details/sectorCode/CORP/entityId/1001451,Escala Nacional Brasil de Longo Prazo,brAAA,2018-07-11,2026-02-02,--,Stable,2018-07-11
2026-09-25,"Stone Sociedade de Credito, Financiamento e Investimento S.A.",https://brazil.ratings.spglobal.com/ratings/pt/regulatory/org-details/sectorCode/FI/entityId/1000166,Escala Nacional Brasil de Longo Prazo,brAAA,2024-07-24,2026-07-17,--,Stable,2024-07-24
2026-09-25,Tres Tentos Agroindustrial S.A.,https://brazil.ratings.spglobal.com/ratings/pt/regulatory/org-details/sectorCode/CORP/entityId/1000316,Escala Nacional Brasil de Longo Prazo,brA+,2026-09-09,2026-09-09,--,Negative,2026-09-09
2026-09-25,VLI Multimodal S.A.,https://brazil.ratings.spglobal.com/ratings/pt/regulatory/org-details/sectorCode/CORP/entityId/1001077,Escala Nacional Brasil de Longo Prazo,brAAA,2021-11-17,2026-02-02,--,Stable,2021-11-17
2026-09-25,Vix Logistica S.A.,https://brazil.ratings.spglobal.com/ratings/pt/regulatory/org-details/sectorCode/CORP/entityId/1001153,Escala Nacional Brasil de Longo Prazo,brAA-,2022-03-03,2026-08-11,--,Stable,2022-03-03
2026-09-25,Combio Energia S.A.,https://brazil.ratings.spglobal.com/ratings/pt/regulatory/org-details/sectorCode/UTIL/entityId/1000880,Escala Nacional Brasil de Longo Prazo,brAA,2024-04-29,2026-08-19,--,Stable,2024-04-29
2026-09-25,Concessionária das Rodovias Ayrton Senna e Carvalho Pinto S.A.,https://brazil.ratings.spglobal.com/ratings/pt/regulatory/org-details/sectorCode/UTIL/entityId/1001291,Escala Nacional Brasil de Longo Prazo,brAAA,2023-03-02,2026-08-19,--,Stable,2023-03-02
2026-09-25,Globo Comunicacao e Participacoes S.A.,https://brazil.ratings.spglobal.com/ratings/pt/regulatory/org-details/sectorCode/CORP/entityId/1000677,Escala Nacional Brasil de Longo Prazo,brAAA,2026-08-19,2026-08-19,--,Stable,2026-08-19
2026-09-25,Bivi Holding S.A.,https://brazil.ratings.spglobal.com/ratings/pt/regulatory/org-details/sectorCode/CORP/entityId/1001518,Escala Nacional Brasil de Longo Prazo,brA+,2024-11-25,2026-01-13,--,Stable,2024-11-25
2026-09-25,Cury Construtora e Incorporadora S.A.,https://brazil.ratings.spglobal.com/ratings/pt/regulatory/org-details/sectorCode/CORP/entityId/1000951,Escala Nacional Brasil de Longo Prazo,brAAA,2024-03-28,2026-01-13,--,Stable,2024-03-28
2026-09-25,Elektro Redes S.A.,https://brazil.ratings.spglobal.com/ratings/pt/regulatory/org-details/sectorCode/UTIL/entityId/1000633,Escala Nacional Brasil de Longo Prazo,brAAA,2018-07-11,2026-08-20,--,Stable,2018-07-11
2026-09-25,Even Construtora e Incorporadora S.A.,https://brazil.ratings.spglobal.com/ratings/pt/regulatory/org-details/sectorCode/CORP/entityId/1000453,Escala Nacional Brasil de Longo Prazo,brAA+,2021-07-06,2026-01-13,--,Negative,2024-09-16
2026-09-25,Junto Seguros S.A.,https://brazil.ratings.spglobal.com/ratings/pt/regulatory/org-details/sectorCode/INS/entityId/1001443,Escala Nacional Brasil de Longo Prazo,brAAA,2018-07-11,2026-07-22,--,Stable,2018-07-11
2026-09-25,Solvi Essencis Ambiental S.A.,https://brazil.ratings.spglobal.com/ratings/pt/regulatory/org-details/sectorCode/UTIL/entityId/1000232,Escala Nacional Brasil de Longo Prazo,brAA,2022-05-25,2026-07-24,--,Stable,2022-05-25
2026-09-25,Stone Instituicao de Pagamento S.A.,https://brazil.ratings.spglobal.com/ratings/pt/regulatory/org-details/sectorCode/FI/entityId/1000917,Escala Nacional Brasil de Longo Prazo,brAAA,2021-06-08,2026-07-17,--,Stable,2021-06-08
2026-09-25,Cemig Distribuicao S.A.,https://brazil.ratings.spglobal.com/ratings/pt/regulatory/org-details/sectorCode/UTIL/entityId/1000303,Escala Nacional Brasil de Longo Prazo,brAAA,2026-08-18,2026-08-18,--,Stable,2026-08-18
2026-09-25,Eco050 Concessionaria de Rodovias S.A.,https://brazil.ratings.spglobal.com/ratings/pt/regulatory/org-details/sectorCode/UTIL/entityId/1003779,Escala Nacional Brasil de Longo Prazo,brAA+,2025-08-29,2026-08-19,--,Stable,2025-08-29
2026-09-25,Investimentos e Participacoes em Infraestrutura S.A. - Invepar,https://brazil.ratings.spglobal.com/ratings/pt/regulatory/org-details/sectorCode/CORP/entityId/1000538,Escala Nacional Brasil de Longo Prazo,D,2025-05-19,2026-08-19,--,NM,2025-05-19
2026-09-25,Junto Resseguros S.A.,https://brazil.ratings.spglobal.com/ratings/pt/regulatory/org-details/sectorCode/INS/entityId/1001080,Escala Nacional Brasil de Longo Prazo,brAAA,2018-07-11,2026-07-22,--,Stable,2018-07-11
2026-09-25,Positivo Tecnologia S.A.,https://brazil.ratings.spglobal.com/ratings/pt/regulatory/org-details/sectorCode/CORP/entityId/1000694,Escala Nacional Brasil de Longo Prazo,brA,2022-02-10,2026-07-30,--,Negative,2026-07-30
2026-09-25,XP Investimentos S.A.,https://brazil.ratings.spglobal.com/ratings/pt/regulatory/org-details/sectorCode/FI/entityId/1000167,Escala Nacional Brasil de Longo Prazo,brAAA,2022-06-21,2026-04-16,--,Stable,2022-06-21
2026-09-25,Unifique Telecomunicacoes S.A.,https://brazil.ratings.spglobal.com/ratings/pt/regulatory/org-details/sectorCode/CORP/entityId/1000603,Escala Nacional Brasil de Longo Prazo,brAA,2026-02-04,2026-06-25,--,Stable,2026-02-04
2026-09-25,Light Servicos de Eletricidade S.A.,https://brazil.ratings.spglobal.com/ratings/pt/regulatory/org-details/sectorCode/UTIL/entityId/1001431,Escala Nacional Brasil de Longo Prazo,brBB+,2026-09-17,2026-09-17,--,Stable,2026-09-17
2026-09-25,Light Servicos de Eletricidade S.A.,https://brazil.ratings.spglobal.com/ratings/pt/regulatory/org-details/sectorCode/UTIL/entityId/1001431,Escala Nacional Brasil de Curto Prazo,brB,2026-09-17,2026-09-17,--,,
2026-09-25,BRZ Empreendimentos e Construcoes S.A.,https://brazil.ratings.spglobal.com/ratings/pt/regulatory/org-details/sectorCode/CORP/entityId/1001327,Escala Nacional Brasil de Longo Prazo,brBBB+,2026-04-16,2026-04-16,--,Stable,2026-04-16
2026-09-25,BRZ Empreendimentos e Construcoes S.A.,https://brazil.ratings.spglobal.com/ratings/pt/regulatory/org-details/sectorCode/CORP/entityId/1001327,Escala Nacional Brasil de Curto Prazo,brA-2,2022-12-13,2026-04-16,--,,
2026-09-25,Niteroi (City of),https://brazil.ratings.spglobal.com/ratings/pt/regulatory/org-details/sectorCode/GOVS/entityId/1000181,Escala Nacional Brasil de Longo Prazo,brAAA,2023-01-19,2026-07-03,--,Stable,2023-01-19
2026-09-25,Vero,https://brazil.ratings.spglobal.com/ratings/pt/regulatory/org-details/sectorCode/CORP/entityId/1000750,Escala Nacional Brasil de Longo Prazo,brA+,2023-03-20,2026-06-25,--,Stable,2023-03-20
